,"subject,melody,note,onset,duration,ioi,pitch,probe,response,time,known,liked,interval,rt,musical,training,playing"
0,"1,hymn_007_b,26,25000000,1000000,1000000,71,1,4,27028618,No,3,5,2028.618,FALSE,0,0"
1,"1,hymn_022_b,22,21000000,1000000,1000000,75,1,3,23282863,No,4,6,2282.863,FALSE,0,0"
2,"1,hymn_025_b,9,8000000,1000000,1000000,75,1,5,13263862,Yes,5,12,5263.862,FALSE,0,0"
3,"1,hymn_039_b,21,20000000,1000000,1000000,64,1,2,23370597,No,4,-5,3370.597,FALSE,0,0"
4,"1,hymn_047_b,10,9000000,1000000,1000000,71,1,2,10804515,No,4,2,1804.515,FALSE,0,0"
5,"1,hymn_054_b,22,21000000,1000000,1000000,76,1,1,23449516,No,2,7,2449.516,FALSE,0,0"
6,"1,hymn_073_b,9,8000000,1000000,1000000,75,1,3,10395869,No,3,8,2395.869,FALSE,0,0"
7,"1,hymn_081_b,58,57000000,1000000,1000000,74,1,2,59543431,No,3,5,2543.431,FALSE,0,0"
8,"1,hymn_119_b,17,16000000,1000000,1000000,66,1,2,21138099,No,1,-1,5138.099,FALSE,0,0"
9,"1,hymn_124a_b,9,8000000,1000000,1000000,72,1,5,12698494,No,4,5,4698.494,FALSE,0,0"
10,"1,hymn_127_b,46,45000000,1000000,1000000,61,1,1,46543229,Yes,4,-1,1543.229,FALSE,0,0"
11,"1,hymn_161_b,13,12000000,1000000,1000000,65,1,6,15850218,No,3,-3,3850.218,FALSE,0,0"
12,"1,hymn_163_b,9,8000000,1000000,1000000,74,1,3,9871392,Yes,4,8,1871.392,FALSE,0,0"
13,"1,hymn_190_b,41,40000000,1000000,1000000,72,1,4,41756012,No,2,5,1756.012,FALSE,0,0"
14,"1,hymn_213_b,21,20000000,1000000,1000000,68,1,4,25024704,No,4,-4,5024.704,FALSE,0,0"
15,"1,hymn_233_b,18,17000000,1000000,1000000,75,1,1,19676735,No,2,7,2676.735,FALSE,0,0"
16,"1,hymn_267_b,53,52000000,1000000,1000000,68,1,4,54652201,No,3,-7,2652.201,FALSE,0,0"
17,"1,hymn_273_b,9,8000000,1000000,1000000,64,1,1,10265433,No,5,-7,2265.433,FALSE,0,0"
18,"1,hymn_291_b,14,13000000,1000000,1000000,71,1,2,16129350,No,3,-1,3129.35,FALSE,0,0"
19,"1,hymn_295_b,11,10000000,1000000,1000000,71,1,6,15252598,No,2,-5,5252.598,FALSE,0,0"
20,"1,hymn_311_b,21,20000000,1000000,1000000,74,1,1,21321417,No,5,3,1321.417,FALSE,0,0"
21,"1,hymn_388b_b,9,8000000,1000000,1000000,72,1,4,10260367,No,5,5,2260.367,FALSE,0,0"
22,"1,hymn_444_b,10,9000000,1000000,1000000,74,1,5,14439130,No,2,5,5439.13,FALSE,0,0"
23,"1,hymn_526_b,35,34000000,1000000,1000000,77,1,7,36315066,Yes,5,5,2315.066,FALSE,0,0"
24,"1,hymn_542_b,12,11000000,1000000,1000000,72,1,7,13363091,Yes,5,-4,2363.091,FALSE,0,0"
25,"1,hymn_565_b,9,8000000,1000000,1000000,74,1,2,12116452,No,2,12,4116.452,FALSE,0,0"
26,"2,hymn_007_b,26,25000000,1000000,1000000,71,1,3,27564452,No,3,5,2564.452,FALSE,0,0"
27,"2,hymn_022_b,22,21000000,1000000,1000000,75,1,2,22390932,No,4,6,1390.932,FALSE,0,0"
28,"2,hymn_025_b,9,8000000,1000000,1000000,75,1,2,10063453,No,3,12,2063.453,FALSE,0,0"
29,"2,hymn_039_b,21,20000000,1000000,1000000,64,1,5,22955664,No,5,-5,2955.664,FALSE,0,0"
30,"2,hymn_047_b,10,9000000,1000000,1000000,71,1,6,11762583,No,4,2,2762.583,FALSE,0,0"
31,"2,hymn_054_b,22,21000000,1000000,1000000,76,1,2,22152345,No,3,7,1152.345,FALSE,0,0"
32,"2,hymn_073_b,9,8000000,1000000,1000000,75,1,7,9411464,No,4,8,1411.464,FALSE,0,0"
33,"2,hymn_081_b,58,57000000,1000000,1000000,74,1,2,58369638,No,3,5,1369.638,FALSE,0,0"
34,"2,hymn_119_b,17,16000000,1000000,1000000,66,1,6,19167822,No,4,-1,3167.822,FALSE,0,0"
35,"2,hymn_124a_b,9,8000000,1000000,1000000,72,1,2,9707388,No,5,5,1707.388,FALSE,0,0"
36,"2,hymn_127_b,46,45000000,1000000,1000000,61,1,6,47481572,No,4,-1,2481.572,FALSE,0,0"
37,"2,hymn_161_b,13,12000000,1000000,1000000,65,1,6,14345990,No,4,-3,2345.99,FALSE,0,0"
38,"2,hymn_163_b,9,8000000,1000000,1000000,74,1,2,9966532,No,4,8,1966.532,FALSE,0,0"
39,"2,hymn_190_b,41,40000000,1000000,1000000,72,1,2,41664817,No,4,5,1664.817,FALSE,0,0"
40,"2,hymn_213_b,21,20000000,1000000,1000000,68,1,6,22933357,No,4,-4,2933.357,FALSE,0,0"
41,"2,hymn_233_b,18,17000000,1000000,1000000,75,1,1,18270199,No,2,7,1270.199,FALSE,0,0"
42,"2,hymn_267_b,53,52000000,1000000,1000000,68,1,6,53517326,No,4,-7,1517.326,FALSE,0,0"
43,"2,hymn_273_b,9,8000000,1000000,1000000,64,1,3,9766111,No,4,-7,1766.111,FALSE,0,0"
44,"2,hymn_291_b,14,13000000,1000000,1000000,71,1,5,17631096,No,5,-1,4631.096,FALSE,0,0"
45,"2,hymn_295_b,11,10000000,1000000,1000000,71,1,5,12270446,No,5,-5,2270.446,FALSE,0,0"
46,"2,hymn_311_b,21,20000000,1000000,1000000,74,1,2,22633282,No,4,3,2633.282,FALSE,0,0"
47,"2,hymn_388b_b,9,8000000,1000000,1000000,72,1,2,11629818,No,5,5,3629.818,FALSE,0,0"
48,"2,hymn_444_b,10,9000000,1000000,1000000,74,1,4,19455421,No,4,5,10455.421,FALSE,0,0"
49,"2,hymn_526_b,35,34000000,1000000,1000000,77,1,2,36441995,No,4,5,2441.995,FALSE,0,0"
50,"2,hymn_542_b,12,11000000,1000000,1000000,72,1,5,13365665,No,4,-4,2365.665,FALSE,0,0"
51,"2,hymn_565_b,9,8000000,1000000,1000000,74,1,1,11134460,No,3,12,3134.46,FALSE,0,0"
52,"3,hymn_007_b,26,25000000,1000000,1000000,71,1,6,27501902,No,3,5,2501.902,FALSE,0,0"
53,"3,hymn_022_b,22,21000000,1000000,1000000,75,1,3,23838733,No,2,6,2838.733,FALSE,0,0"
54,"3,hymn_025_b,9,8000000,1000000,1000000,75,1,2,11225613,No,4,12,3225.613,FALSE,0,0"
55,"3,hymn_039_b,21,20000000,1000000,1000000,64,1,3,22372923,No,3,-5,2372.923,FALSE,0,0"
56,"3,hymn_047_b,10,9000000,1000000,1000000,71,1,1,11844028,No,4,2,2844.028,FALSE,0,0"
57,"3,hymn_054_b,22,21000000,1000000,1000000,76,1,2,25284574,No,3,7,4284.574,FALSE,0,0"
58,"3,hymn_073_b,9,8000000,1000000,1000000,75,1,6,11771086,No,5,8,3771.086,FALSE,0,0"
59,"3,hymn_081_b,58,57000000,1000000,1000000,74,1,3,59478403,No,5,5,2478.403,FALSE,0,0"
60,"3,hymn_119_b,17,16000000,1000000,1000000,66,1,6,18397462,No,3,-1,2397.462,FALSE,0,0"
61,"3,hymn_124a_b,9,8000000,1000000,1000000,72,1,3,12974572,No,3,5,4974.572,FALSE,0,0"
62,"3,hymn_127_b,46,45000000,1000000,1000000,61,1,2,47454916,No,3,-1,2454.916,FALSE,0,0"
63,"3,hymn_161_b,13,12000000,1000000,1000000,65,1,4,13848990,No,3,-3,1848.99,FALSE,0,0"
64,"3,hymn_163_b,9,8000000,1000000,1000000,74,1,2,11120031,No,1,8,3120.031,FALSE,0,0"
65,"3,hymn_190_b,41,40000000,1000000,1000000,72,1,3,43289402,No,1,5,3289.402,FALSE,0,0"
66,"3,hymn_213_b,21,20000000,1000000,1000000,68,1,3,22406593,No,3,-4,2406.593,FALSE,0,0"
67,"3,hymn_233_b,18,17000000,1000000,1000000,75,1,4,19733192,No,3,7,2733.192,FALSE,0,0"
68,"3,hymn_267_b,53,52000000,1000000,1000000,68,1,4,54343391,No,1,-7,2343.391,FALSE,0,0"
69,"3,hymn_273_b,9,8000000,1000000,1000000,64,1,3,9855764,No,1,-7,1855.764,FALSE,0,0"
70,"3,hymn_291_b,14,13000000,1000000,1000000,71,1,6,15698141,No,3,-1,2698.141,FALSE,0,0"
71,"3,hymn_295_b,11,10000000,1000000,1000000,71,1,6,12492284,No,2,-5,2492.284,FALSE,0,0"
72,"3,hymn_311_b,21,20000000,1000000,1000000,74,1,1,23579722,No,2,3,3579.722,FALSE,0,0"
73,"3,hymn_388b_b,9,8000000,1000000,1000000,72,1,1,11124036,No,2,5,3124.036,FALSE,0,0"
74,"3,hymn_444_b,10,9000000,1000000,1000000,74,1,4,10999442,No,2,5,1999.442,FALSE,0,0"
75,"3,hymn_526_b,35,34000000,1000000,1000000,77,1,2,39031538,No,3,5,5031.538,FALSE,0,0"
76,"3,hymn_542_b,12,11000000,1000000,1000000,72,1,3,14833068,No,3,-4,3833.068,FALSE,0,0"
77,"3,hymn_565_b,9,8000000,1000000,1000000,74,1,2,10849077,No,3,12,2849.077,FALSE,0,0"
78,"4,hymn_007_b,26,25000000,1000000,1000000,71,1,2,27166819,No,1,5,2166.819,FALSE,0,0"
79,"4,hymn_022_b,22,21000000,1000000,1000000,75,1,1,24669570,No,2,6,3669.57,FALSE,0,0"
80,"4,hymn_025_b,9,8000000,1000000,1000000,75,1,7,9431302,No,2,12,1431.302,FALSE,0,0"
81,"4,hymn_039_b,21,20000000,1000000,1000000,64,1,5,21892431,No,4,-5,1892.431,FALSE,0,0"
82,"4,hymn_047_b,10,9000000,1000000,1000000,71,1,2,11078441,No,2,2,2078.441,FALSE,0,0"
83,"4,hymn_054_b,22,21000000,1000000,1000000,76,1,1,23542400,No,2,7,2542.4,FALSE,0,0"
84,"4,hymn_073_b,9,8000000,1000000,1000000,75,1,1,10568459,No,4,8,2568.459,FALSE,0,0"
85,"4,hymn_081_b,58,57000000,1000000,1000000,74,1,2,59180090,No,5,5,2180.09,FALSE,0,0"
86,"4,hymn_119_b,17,16000000,1000000,1000000,66,1,3,17730492,No,3,-1,1730.492,FALSE,0,0"
87,"4,hymn_124a_b,9,8000000,1000000,1000000,72,1,NA,NA,No,1,5,NA,FALSE,0,0"
88,"4,hymn_127_b,46,45000000,1000000,1000000,61,1,3,47525929,No,4,-1,2525.929,FALSE,0,0"
89,"4,hymn_161_b,13,12000000,1000000,1000000,65,1,4,13806268,No,1,-3,1806.268,FALSE,0,0"
90,"4,hymn_163_b,9,8000000,1000000,1000000,74,1,3,10000436,No,3,8,2000.436,FALSE,0,0"
91,"4,hymn_190_b,41,40000000,1000000,1000000,72,1,2,42484873,No,1,5,2484.873,FALSE,0,0"
92,"4,hymn_213_b,21,20000000,1000000,1000000,68,1,6,22008600,No,3,-4,2008.6,FALSE,0,0"
93,"4,hymn_233_b,18,17000000,1000000,1000000,75,1,3,19073190,No,2,7,2073.19,FALSE,0,0"
94,"4,hymn_267_b,53,52000000,1000000,1000000,68,1,5,55036269,No,3,-7,3036.269,FALSE,0,0"
95,"4,hymn_273_b,9,8000000,1000000,1000000,64,1,3,9238517,No,3,-7,1238.517,FALSE,0,0"
96,"4,hymn_291_b,14,13000000,1000000,1000000,71,1,3,15127553,No,2,-1,2127.553,FALSE,0,0"
97,"4,hymn_295_b,11,10000000,1000000,1000000,71,1,5,12731690,No,2,-5,2731.69,FALSE,0,0"
98,"4,hymn_311_b,21,20000000,1000000,1000000,74,1,1,22921339,No,4,3,2921.339,FALSE,0,0"
99,"4,hymn_388b_b,9,8000000,1000000,1000000,72,1,1,9802773,No,3,5,1802.773,FALSE,0,0"
100,"4,hymn_444_b,10,9000000,1000000,1000000,74,1,1,11012641,No,3,5,2012.641,FALSE,0,0"
101,"4,hymn_526_b,35,34000000,1000000,1000000,77,1,1,36885100,No,2,5,2885.1,FALSE,0,0"
102,"4,hymn_542_b,12,11000000,1000000,1000000,72,1,3,12907276,No,2,-4,1907.276,FALSE,0,0"
103,"4,hymn_565_b,9,8000000,1000000,1000000,74,1,2,9445800,No,2,12,1445.8,FALSE,0,0"
104,"5,hymn_007_b,26,25000000,1000000,1000000,71,1,7,25664568,Yes,5,5,664.568,FALSE,3,0"
105,"5,hymn_022_b,22,21000000,1000000,1000000,75,1,2,22114856,No,3,6,1114.856,FALSE,3,0"
106,"5,hymn_025_b,9,8000000,1000000,1000000,75,1,7,8824479,No,4,12,824.479,FALSE,3,0"
107,"5,hymn_039_b,21,20000000,1000000,1000000,64,1,5,20067685,No,4,-5,67.685,FALSE,3,0"
108,"5,hymn_047_b,10,9000000,1000000,1000000,71,1,7,9567396,No,4,2,567.396,FALSE,3,0"
109,"5,hymn_054_b,22,21000000,1000000,1000000,76,1,1,22330013,No,2,7,1330.013,FALSE,3,0"
110,"5,hymn_073_b,9,8000000,1000000,1000000,75,1,NA,NA,No,5,8,NA,FALSE,3,0"
111,"5,hymn_081_b,58,57000000,1000000,1000000,74,1,3,58960744,No,3,5,1960.744,FALSE,3,0"
112,"5,hymn_119_b,17,16000000,1000000,1000000,66,1,NA,NA,No,5,-1,NA,FALSE,3,0"
113,"5,hymn_124a_b,9,8000000,1000000,1000000,72,1,7,8689433,No,4,5,689.433,FALSE,3,0"
114,"5,hymn_127_b,46,45000000,1000000,1000000,61,1,5,47951210,No,5,-1,2951.21,FALSE,3,0"
115,"5,hymn_161_b,13,12000000,1000000,1000000,65,1,6,12223043,Yes,4,-3,223.043,FALSE,3,0"
116,"5,hymn_163_b,9,8000000,1000000,1000000,74,1,6,8460241,No,4,8,460.241,FALSE,3,0"
117,"5,hymn_190_b,41,40000000,1000000,1000000,72,1,5,40127301,No,2,5,127.301,FALSE,3,0"
118,"5,hymn_213_b,21,20000000,1000000,1000000,68,1,6,20828106,No,3,-4,828.106,FALSE,3,0"
119,"5,hymn_233_b,18,17000000,1000000,1000000,75,1,5,17137260,No,4,7,137.26,FALSE,3,0"
120,"5,hymn_267_b,53,52000000,1000000,1000000,68,1,7,52297680,No,4,-7,297.68,FALSE,3,0"
121,"5,hymn_273_b,9,8000000,1000000,1000000,64,1,6,8188400,No,5,-7,188.4,FALSE,3,0"
122,"5,hymn_291_b,14,13000000,1000000,1000000,71,1,1,14387779,No,2,-1,1387.779,FALSE,3,0"
123,"5,hymn_295_b,11,10000000,1000000,1000000,71,1,3,12791044,No,2,-5,2791.044,FALSE,3,0"
124,"5,hymn_311_b,21,20000000,1000000,1000000,74,1,2,21478178,No,4,3,1478.178,FALSE,3,0"
125,"5,hymn_388b_b,9,8000000,1000000,1000000,72,1,7,8751904,No,5,5,751.904,FALSE,3,0"
126,"5,hymn_444_b,10,9000000,1000000,1000000,74,1,7,9865262,No,4,5,865.262,FALSE,3,0"
127,"5,hymn_526_b,35,34000000,1000000,1000000,77,1,6,34592054,No,2,5,592.054,FALSE,3,0"
128,"5,hymn_542_b,12,11000000,1000000,1000000,72,1,6,11947281,No,5,-4,947.281,FALSE,3,0"
129,"5,hymn_565_b,9,8000000,1000000,1000000,74,1,6,8137649,No,3,12,137.649,FALSE,3,0"
130,"6,hymn_007_b,26,25000000,1000000,1000000,71,1,5,26018748,No,4,5,1018.748,TRUE,5,8"
131,"6,hymn_022_b,22,21000000,1000000,1000000,75,1,2,22813947,No,3,6,1813.947,TRUE,5,8"
132,"6,hymn_025_b,9,8000000,1000000,1000000,75,1,2,9713810,No,3,12,1713.81,TRUE,5,8"
133,"6,hymn_039_b,21,20000000,1000000,1000000,64,1,5,21254056,No,1,-5,1254.056,TRUE,5,8"
134,"6,hymn_047_b,10,9000000,1000000,1000000,71,1,4,11829079,No,3,2,2829.079,TRUE,5,8"
135,"6,hymn_054_b,22,21000000,1000000,1000000,76,1,1,22783773,No,4,7,1783.773,TRUE,5,8"
136,"6,hymn_073_b,9,8000000,1000000,1000000,75,1,6,9621609,No,4,8,1621.609,TRUE,5,8"
137,"6,hymn_081_b,58,57000000,1000000,1000000,74,1,3,58641627,No,2,5,1641.627,TRUE,5,8"
138,"6,hymn_119_b,17,16000000,1000000,1000000,66,1,5,17747801,No,3,-1,1747.801,TRUE,5,8"
139,"6,hymn_124a_b,9,8000000,1000000,1000000,72,1,5,9933808,Yes,2,5,1933.808,TRUE,5,8"
140,"6,hymn_127_b,46,45000000,1000000,1000000,61,1,2,46783920,No,5,-1,1783.92,TRUE,5,8"
141,"6,hymn_161_b,13,12000000,1000000,1000000,65,1,3,13208731,No,3,-3,1208.731,TRUE,5,8"
142,"6,hymn_163_b,9,8000000,1000000,1000000,74,1,5,9898376,No,3,8,1898.376,TRUE,5,8"
143,"6,hymn_190_b,41,40000000,1000000,1000000,72,1,3,41991730,No,3,5,1991.73,TRUE,5,8"
144,"6,hymn_213_b,21,20000000,1000000,1000000,68,1,4,24100301,No,3,-4,4100.301,TRUE,5,8"
145,"6,hymn_233_b,18,17000000,1000000,1000000,75,1,3,18869016,No,2,7,1869.016,TRUE,5,8"
146,"6,hymn_267_b,53,52000000,1000000,1000000,68,1,3,53479738,No,3,-7,1479.738,TRUE,5,8"
147,"6,hymn_273_b,9,8000000,1000000,1000000,64,1,5,9404458,No,2,-7,1404.458,TRUE,5,8"
148,"6,hymn_291_b,14,13000000,1000000,1000000,71,1,4,14122807,No,4,-1,1122.807,TRUE,5,8"
149,"6,hymn_295_b,11,10000000,1000000,1000000,71,1,5,11371282,No,2,-5,1371.282,TRUE,5,8"
150,"6,hymn_311_b,21,20000000,1000000,1000000,74,1,6,21997061,No,3,3,1997.061,TRUE,5,8"
151,"6,hymn_388b_b,9,8000000,1000000,1000000,72,1,5,8512662,No,2,5,512.662,TRUE,5,8"
152,"6,hymn_444_b,10,9000000,1000000,1000000,74,1,3,11198790,No,3,5,2198.79,TRUE,5,8"
153,"6,hymn_526_b,35,34000000,1000000,1000000,77,1,2,35309028,No,4,5,1309.028,TRUE,5,8"
154,"6,hymn_542_b,12,11000000,1000000,1000000,72,1,4,12341470,No,4,-4,1341.47,TRUE,5,8"
155,"6,hymn_565_b,9,8000000,1000000,1000000,74,1,2,9646532,No,4,12,1646.532,TRUE,5,8"
156,"7,hymn_007_b,26,25000000,1000000,1000000,71,1,4,27188604,No,3,5,2188.604,FALSE,0,0"
157,"7,hymn_022_b,22,21000000,1000000,1000000,75,1,1,22544537,No,3,6,1544.537,FALSE,0,0"
158,"7,hymn_025_b,9,8000000,1000000,1000000,75,1,1,9305125,No,2,12,1305.125,FALSE,0,0"
159,"7,hymn_039_b,21,20000000,1000000,1000000,64,1,4,22509445,No,3,-5,2509.445,FALSE,0,0"
160,"7,hymn_047_b,10,9000000,1000000,1000000,71,1,5,10643824,No,3,2,1643.824,FALSE,0,0"
161,"7,hymn_054_b,22,21000000,1000000,1000000,76,1,1,22881634,No,3,7,1881.634,FALSE,0,0"
162,"7,hymn_073_b,9,8000000,1000000,1000000,75,1,1,11056981,No,2,8,3056.981,FALSE,0,0"
163,"7,hymn_081_b,58,57000000,1000000,1000000,74,1,2,58564281,No,4,5,1564.281,FALSE,0,0"
164,"7,hymn_119_b,17,16000000,1000000,1000000,66,1,6,17615417,No,3,-1,1615.417,FALSE,0,0"
165,"7,hymn_124a_b,9,8000000,1000000,1000000,72,1,5,10561920,No,4,5,2561.92,FALSE,0,0"
166,"7,hymn_127_b,46,45000000,1000000,1000000,61,1,2,47742373,No,4,-1,2742.373,FALSE,0,0"
167,"7,hymn_161_b,13,12000000,1000000,1000000,65,1,6,14500853,No,3,-3,2500.853,FALSE,0,0"
168,"7,hymn_163_b,9,8000000,1000000,1000000,74,1,1,9421290,No,2,8,1421.29,FALSE,0,0"
169,"7,hymn_190_b,41,40000000,1000000,1000000,72,1,2,41274422,No,3,5,1274.422,FALSE,0,0"
170,"7,hymn_213_b,21,20000000,1000000,1000000,68,1,6,21804795,No,2,-4,1804.795,FALSE,0,0"
171,"7,hymn_233_b,18,17000000,1000000,1000000,75,1,2,18228945,No,3,7,1228.945,FALSE,0,0"
172,"7,hymn_267_b,53,52000000,1000000,1000000,68,1,5,53799731,No,3,-7,1799.731,FALSE,0,0"
173,"7,hymn_273_b,9,8000000,1000000,1000000,64,1,3,9244492,No,3,-7,1244.492,FALSE,0,0"
174,"7,hymn_291_b,14,13000000,1000000,1000000,71,1,6,14382015,No,3,-1,1382.015,FALSE,0,0"
175,"7,hymn_295_b,11,10000000,1000000,1000000,71,1,4,12003270,No,2,-5,2003.27,FALSE,0,0"
176,"7,hymn_311_b,21,20000000,1000000,1000000,74,1,3,21596004,No,4,3,1596.004,FALSE,0,0"
177,"7,hymn_388b_b,9,8000000,1000000,1000000,72,1,2,9399747,No,2,5,1399.747,FALSE,0,0"
178,"7,hymn_444_b,10,9000000,1000000,1000000,74,1,3,10471527,No,3,5,1471.527,FALSE,0,0"
179,"7,hymn_526_b,35,34000000,1000000,1000000,77,1,1,35444702,No,2,5,1444.702,FALSE,0,0"
180,"7,hymn_542_b,12,11000000,1000000,1000000,72,1,5,12685039,No,3,-4,1685.039,FALSE,0,0"
181,"7,hymn_565_b,9,8000000,1000000,1000000,74,1,1,9420874,No,2,12,1420.874,FALSE,0,0"
182,"8,hymn_007_b,26,25000000,1000000,1000000,71,1,3,28975169,No,5,5,3975.169,TRUE,11,14"
183,"8,hymn_022_b,22,21000000,1000000,1000000,75,1,2,22872411,No,4,6,1872.411,TRUE,11,14"
184,"8,hymn_025_b,9,8000000,1000000,1000000,75,1,2,10460936,No,5,12,2460.936,TRUE,11,14"
185,"8,hymn_039_b,21,20000000,1000000,1000000,64,1,3,23031075,No,3,-5,3031.075,TRUE,11,14"
186,"8,hymn_047_b,10,9000000,1000000,1000000,71,1,1,12109845,No,3,2,3109.845,TRUE,11,14"
187,"8,hymn_054_b,22,21000000,1000000,1000000,76,1,2,25235046,No,2,7,4235.046,TRUE,11,14"
188,"8,hymn_073_b,9,8000000,1000000,1000000,75,1,1,10703806,No,2,8,2703.806,TRUE,11,14"
189,"8,hymn_081_b,58,57000000,1000000,1000000,74,1,3,59841181,No,3,5,2841.181,TRUE,11,14"
190,"8,hymn_119_b,17,16000000,1000000,1000000,66,1,3,20155670,No,4,-1,4155.67,TRUE,11,14"
191,"8,hymn_124a_b,9,8000000,1000000,1000000,72,1,3,9654250,No,3,5,1654.25,TRUE,11,14"
192,"8,hymn_127_b,46,45000000,1000000,1000000,61,1,4,49996981,No,3,-1,4996.981,TRUE,11,14"
193,"8,hymn_161_b,13,12000000,1000000,1000000,65,1,5,15072864,No,2,-3,3072.864,TRUE,11,14"
194,"8,hymn_163_b,9,8000000,1000000,1000000,74,1,5,11791427,No,3,8,3791.427,TRUE,11,14"
195,"8,hymn_190_b,41,40000000,1000000,1000000,72,1,4,42031003,No,3,5,2031.003,TRUE,11,14"
196,"8,hymn_213_b,21,20000000,1000000,1000000,68,1,2,23386770,No,4,-4,3386.77,TRUE,11,14"
197,"8,hymn_233_b,18,17000000,1000000,1000000,75,1,1,20149230,No,4,7,3149.23,TRUE,11,14"
198,"8,hymn_267_b,53,52000000,1000000,1000000,68,1,4,54760692,No,4,-7,2760.692,TRUE,11,14"
199,"8,hymn_273_b,9,8000000,1000000,1000000,64,1,4,11026068,No,3,-7,3026.068,TRUE,11,14"
200,"8,hymn_291_b,14,13000000,1000000,1000000,71,1,5,17520232,No,3,-1,4520.232,TRUE,11,14"
201,"8,hymn_295_b,11,10000000,1000000,1000000,71,1,7,13099338,No,5,-5,3099.338,TRUE,11,14"
202,"8,hymn_311_b,21,20000000,1000000,1000000,74,1,2,23780542,No,2,3,3780.542,TRUE,11,14"
203,"8,hymn_388b_b,9,8000000,1000000,1000000,72,1,3,10143050,No,4,5,2143.05,TRUE,11,14"
204,"8,hymn_444_b,10,9000000,1000000,1000000,74,1,3,10744138,No,3,5,1744.138,TRUE,11,14"
205,"8,hymn_526_b,35,34000000,1000000,1000000,77,1,5,40235810,No,4,5,6235.81,TRUE,11,14"
206,"8,hymn_542_b,12,11000000,1000000,1000000,72,1,5,13798278,No,4,-4,2798.278,TRUE,11,14"
207,"8,hymn_565_b,9,8000000,1000000,1000000,74,1,4,11893166,No,5,12,3893.166,TRUE,11,14"
208,"9,hymn_007_b,26,25000000,1000000,1000000,71,1,6,26618520,No,4,5,1618.52,TRUE,14,14"
209,"9,hymn_022_b,22,21000000,1000000,1000000,75,1,4,23131941,No,4,6,2131.941,TRUE,14,14"
210,"9,hymn_025_b,9,8000000,1000000,1000000,75,1,7,8798059,No,5,12,798.059,TRUE,14,14"
211,"9,hymn_039_b,21,20000000,1000000,1000000,64,1,4,21660439,No,5,-5,1660.439,TRUE,14,14"
212,"9,hymn_047_b,10,9000000,1000000,1000000,71,1,6,10160774,No,5,2,1160.774,TRUE,14,14"
213,"9,hymn_054_b,22,21000000,1000000,1000000,76,1,5,22844812,No,4,7,1844.812,TRUE,14,14"
214,"9,hymn_073_b,9,8000000,1000000,1000000,75,1,7,8897797,No,5,8,897.797,TRUE,14,14"
215,"9,hymn_081_b,58,57000000,1000000,1000000,74,1,6,58961738,No,4,5,1961.738,TRUE,14,14"
216,"9,hymn_119_b,17,16000000,1000000,1000000,66,1,3,18524122,No,5,-1,2524.122,TRUE,14,14"
217,"9,hymn_124a_b,9,8000000,1000000,1000000,72,1,5,10018478,No,4,5,2018.478,TRUE,14,14"
218,"9,hymn_127_b,46,45000000,1000000,1000000,61,1,7,46430490,No,4,-1,1430.49,TRUE,14,14"
219,"9,hymn_161_b,13,12000000,1000000,1000000,65,1,6,13402758,No,4,-3,1402.758,TRUE,14,14"
220,"9,hymn_163_b,9,8000000,1000000,1000000,74,1,6,9500856,No,4,8,1500.856,TRUE,14,14"
221,"9,hymn_190_b,41,40000000,1000000,1000000,72,1,5,42201205,No,4,5,2201.205,TRUE,14,14"
222,"9,hymn_213_b,21,20000000,1000000,1000000,68,1,6,21389120,No,4,-4,1389.12,TRUE,14,14"
223,"9,hymn_233_b,18,17000000,1000000,1000000,75,1,5,19746315,No,4,7,2746.315,TRUE,14,14"
224,"9,hymn_267_b,53,52000000,1000000,1000000,68,1,5,53792064,No,4,-7,1792.064,TRUE,14,14"
225,"9,hymn_273_b,9,8000000,1000000,1000000,64,1,6,9278990,No,5,-7,1278.99,TRUE,14,14"
226,"9,hymn_291_b,14,13000000,1000000,1000000,71,1,7,14698094,No,5,-1,1698.094,TRUE,14,14"
227,"9,hymn_295_b,11,10000000,1000000,1000000,71,1,5,12073183,No,4,-5,2073.183,TRUE,14,14"
228,"9,hymn_311_b,21,20000000,1000000,1000000,74,1,3,21878682,No,4,3,1878.682,TRUE,14,14"
229,"9,hymn_388b_b,9,8000000,1000000,1000000,72,1,4,10273141,No,4,5,2273.141,TRUE,14,14"
230,"9,hymn_444_b,10,9000000,1000000,1000000,74,1,6,10272995,No,4,5,1272.995,TRUE,14,14"
231,"9,hymn_526_b,35,34000000,1000000,1000000,77,1,7,35079927,No,5,5,1079.927,TRUE,14,14"
232,"9,hymn_542_b,12,11000000,1000000,1000000,72,1,7,11792677,No,4,-4,792.677,TRUE,14,14"
233,"9,hymn_565_b,9,8000000,1000000,1000000,74,1,7,8932689,No,4,12,932.689,TRUE,14,14"
234,"10,hymn_007_b,26,25000000,1000000,1000000,71,1,7,28518104,Yes,3,5,3518.104,TRUE,4,7"
235,"10,hymn_022_b,22,21000000,1000000,1000000,75,1,6,22061862,No,3,6,1061.862,TRUE,4,7"
236,"10,hymn_025_b,9,8000000,1000000,1000000,75,1,5,9780898,No,3,12,1780.898,TRUE,4,7"
237,"10,hymn_039_b,21,20000000,1000000,1000000,64,1,7,22179905,Yes,3,-5,2179.905,TRUE,4,7"
238,"10,hymn_047_b,10,9000000,1000000,1000000,71,1,6,11800480,No,3,2,2800.48,TRUE,4,7"
239,"10,hymn_054_b,22,21000000,1000000,1000000,76,1,5,22400871,Yes,3,7,1400.871,TRUE,4,7"
240,"10,hymn_073_b,9,8000000,1000000,1000000,75,1,7,11065702,Yes,3,8,3065.702,TRUE,4,7"
241,"10,hymn_081_b,58,57000000,1000000,1000000,74,1,5,59338281,No,3,5,2338.281,TRUE,4,7"
242,"10,hymn_119_b,17,16000000,1000000,1000000,66,1,7,16797748,No,3,-1,797.748,TRUE,4,7"
243,"10,hymn_124a_b,9,8000000,1000000,1000000,72,1,5,10148514,Yes,3,5,2148.514,TRUE,4,7"
244,"10,hymn_127_b,46,45000000,1000000,1000000,61,1,7,46708366,Yes,3,-1,1708.366,TRUE,4,7"
245,"10,hymn_161_b,13,12000000,1000000,1000000,65,1,5,14674603,No,3,-3,2674.603,TRUE,4,7"
246,"10,hymn_163_b,9,8000000,1000000,1000000,74,1,5,9194232,No,3,8,1194.232,TRUE,4,7"
247,"10,hymn_190_b,41,40000000,1000000,1000000,72,1,4,43909040,No,3,5,3909.04,TRUE,4,7"
248,"10,hymn_213_b,21,20000000,1000000,1000000,68,1,7,21988126,Yes,3,-4,1988.126,TRUE,4,7"
249,"10,hymn_233_b,18,17000000,1000000,1000000,75,1,6,20338067,No,3,7,3338.067,TRUE,4,7"
250,"10,hymn_267_b,53,52000000,1000000,1000000,68,1,6,55235978,No,3,-7,3235.978,TRUE,4,7"
251,"10,hymn_273_b,9,8000000,1000000,1000000,64,1,6,10714769,Yes,3,-7,2714.769,TRUE,4,7"
252,"10,hymn_291_b,14,13000000,1000000,1000000,71,1,7,14342195,No,3,-1,1342.195,TRUE,4,7"
253,"10,hymn_295_b,11,10000000,1000000,1000000,71,1,5,11048760,Yes,3,-5,1048.76,TRUE,4,7"
254,"10,hymn_311_b,21,20000000,1000000,1000000,74,1,4,24679044,Yes,3,3,4679.044,TRUE,4,7"
255,"10,hymn_388b_b,9,8000000,1000000,1000000,72,1,7,8791011,Yes,3,5,791.011,TRUE,4,7"
256,"10,hymn_444_b,10,9000000,1000000,1000000,74,1,5,10878659,No,3,5,1878.659,TRUE,4,7"
257,"10,hymn_526_b,35,34000000,1000000,1000000,77,1,6,38080283,Yes,3,5,4080.283,TRUE,4,7"
258,"10,hymn_542_b,12,11000000,1000000,1000000,72,1,7,12755456,Yes,3,-4,1755.456,TRUE,4,7"
259,"10,hymn_565_b,9,8000000,1000000,1000000,74,1,7,9551697,Yes,3,12,1551.697,TRUE,4,7"
260,"11,hymn_007_b,26,25000000,1000000,1000000,71,1,3,27594416,No,2,5,2594.416,FALSE,0,0"
261,"11,hymn_022_b,22,21000000,1000000,1000000,75,1,2,22833819,No,2,6,1833.819,FALSE,0,0"
262,"11,hymn_025_b,9,8000000,1000000,1000000,75,1,3,9223537,No,4,12,1223.537,FALSE,0,0"
263,"11,hymn_039_b,21,20000000,1000000,1000000,64,1,5,22051401,No,2,-5,2051.401,FALSE,0,0"
264,"11,hymn_047_b,10,9000000,1000000,1000000,71,1,1,10639059,No,3,2,1639.059,FALSE,0,0"
265,"11,hymn_054_b,22,21000000,1000000,1000000,76,1,2,23572546,No,3,7,2572.546,FALSE,0,0"
266,"11,hymn_073_b,9,8000000,1000000,1000000,75,1,2,11208760,No,4,8,3208.76,FALSE,0,0"
267,"11,hymn_081_b,58,57000000,1000000,1000000,74,1,3,60516865,No,3,5,3516.865,FALSE,0,0"
268,"11,hymn_119_b,17,16000000,1000000,1000000,66,1,3,17922581,No,3,-1,1922.581,FALSE,0,0"
269,"11,hymn_124a_b,9,8000000,1000000,1000000,72,1,3,10511863,No,4,5,2511.863,FALSE,0,0"
270,"11,hymn_127_b,46,45000000,1000000,1000000,61,1,2,48085386,No,2,-1,3085.386,FALSE,0,0"
271,"11,hymn_161_b,13,12000000,1000000,1000000,65,1,2,15493262,No,2,-3,3493.262,FALSE,0,0"
272,"11,hymn_163_b,9,8000000,1000000,1000000,74,1,2,12950649,No,3,8,4950.649,FALSE,0,0"
273,"11,hymn_190_b,41,40000000,1000000,1000000,72,1,2,42366420,No,4,5,2366.42,FALSE,0,0"
274,"11,hymn_213_b,21,20000000,1000000,1000000,68,1,3,22589189,No,3,-4,2589.189,FALSE,0,0"
275,"11,hymn_233_b,18,17000000,1000000,1000000,75,1,2,18681062,No,2,7,1681.062,FALSE,0,0"
276,"11,hymn_267_b,53,52000000,1000000,1000000,68,1,2,53851922,No,2,-7,1851.922,FALSE,0,0"
277,"11,hymn_273_b,9,8000000,1000000,1000000,64,1,3,13116759,No,3,-7,5116.759,FALSE,0,0"
278,"11,hymn_291_b,14,13000000,1000000,1000000,71,1,1,15490270,No,2,-1,2490.27,FALSE,0,0"
279,"11,hymn_295_b,11,10000000,1000000,1000000,71,1,4,15094109,No,3,-5,5094.109,FALSE,0,0"
280,"11,hymn_311_b,21,20000000,1000000,1000000,74,1,1,22313581,No,3,3,2313.581,FALSE,0,0"
281,"11,hymn_388b_b,9,8000000,1000000,1000000,72,1,2,10078459,No,3,5,2078.459,FALSE,0,0"
282,"11,hymn_444_b,10,9000000,1000000,1000000,74,1,3,12851849,No,4,5,3851.849,FALSE,0,0"
283,"11,hymn_526_b,35,34000000,1000000,1000000,77,1,5,39618616,No,4,5,5618.616,FALSE,0,0"
284,"11,hymn_542_b,12,11000000,1000000,1000000,72,1,2,12826375,No,2,-4,1826.375,FALSE,0,0"
285,"11,hymn_565_b,9,8000000,1000000,1000000,74,1,2,9699720,No,4,12,1699.72,FALSE,0,0"
286,"12,hymn_007_b,26,25000000,1000000,1000000,71,1,4,31767038,No,3,5,6767.038,TRUE,8,15"
287,"12,hymn_022_b,22,21000000,1000000,1000000,75,1,2,24120608,No,2,6,3120.608,TRUE,8,15"
288,"12,hymn_025_b,9,8000000,1000000,1000000,75,1,5,14042908,No,3,12,6042.908,TRUE,8,15"
289,"12,hymn_039_b,21,20000000,1000000,1000000,64,1,5,24272204,No,3,-5,4272.204,TRUE,8,15"
290,"12,hymn_047_b,10,9000000,1000000,1000000,71,1,5,13055145,No,4,2,4055.145,TRUE,8,15"
291,"12,hymn_054_b,22,21000000,1000000,1000000,76,1,7,23528218,Yes,4,7,2528.218,TRUE,8,15"
292,"12,hymn_073_b,9,8000000,1000000,1000000,75,1,6,12445394,No,3,8,4445.394,TRUE,8,15"
293,"12,hymn_081_b,58,57000000,1000000,1000000,74,1,2,60745167,No,2,5,3745.167,TRUE,8,15"
294,"12,hymn_119_b,17,16000000,1000000,1000000,66,1,6,19581720,No,3,-1,3581.72,TRUE,8,15"
295,"12,hymn_124a_b,9,8000000,1000000,1000000,72,1,6,9520033,No,4,5,1520.033,TRUE,8,15"
296,"12,hymn_127_b,46,45000000,1000000,1000000,61,1,7,46952170,No,3,-1,1952.17,TRUE,8,15"
297,"12,hymn_161_b,13,12000000,1000000,1000000,65,1,4,15835715,No,3,-3,3835.715,TRUE,8,15"
298,"12,hymn_163_b,9,8000000,1000000,1000000,74,1,6,11957476,No,3,8,3957.476,TRUE,8,15"
299,"12,hymn_190_b,41,40000000,1000000,1000000,72,1,6,43662425,No,3,5,3662.425,TRUE,8,15"
300,"12,hymn_213_b,21,20000000,1000000,1000000,68,1,6,21706430,No,3,-4,1706.43,TRUE,8,15"
301,"12,hymn_233_b,18,17000000,1000000,1000000,75,1,3,19943655,No,2,7,2943.655,TRUE,8,15"
302,"12,hymn_267_b,53,52000000,1000000,1000000,68,1,5,55345845,No,3,-7,3345.845,TRUE,8,15"
303,"12,hymn_273_b,9,8000000,1000000,1000000,64,1,6,11789272,No,3,-7,3789.272,TRUE,8,15"
304,"12,hymn_291_b,14,13000000,1000000,1000000,71,1,6,15064765,No,3,-1,2064.765,TRUE,8,15"
305,"12,hymn_295_b,11,10000000,1000000,1000000,71,1,6,14691234,No,3,-5,4691.234,TRUE,8,15"
306,"12,hymn_311_b,21,20000000,1000000,1000000,74,1,3,25783943,Yes,4,3,5783.943,TRUE,8,15"
307,"12,hymn_388b_b,9,8000000,1000000,1000000,72,1,4,14749220,No,3,5,6749.22,TRUE,8,15"
308,"12,hymn_444_b,10,9000000,1000000,1000000,74,1,6,11275352,No,4,5,2275.352,TRUE,8,15"
309,"12,hymn_526_b,35,34000000,1000000,1000000,77,1,3,36979179,No,3,5,2979.179,TRUE,8,15"
310,"12,hymn_542_b,12,11000000,1000000,1000000,72,1,6,14208229,No,3,-4,3208.229,TRUE,8,15"
311,"12,hymn_565_b,9,8000000,1000000,1000000,74,1,3,13071063,No,2,12,5071.063,TRUE,8,15"
312,"13,hymn_007_b,26,25000000,1000000,1000000,71,1,5,26359573,No,3,5,1359.573,TRUE,12,17"
313,"13,hymn_022_b,22,21000000,1000000,1000000,75,1,3,22701627,No,3,6,1701.627,TRUE,12,17"
314,"13,hymn_025_b,9,8000000,1000000,1000000,75,1,6,9275149,No,5,12,1275.149,TRUE,12,17"
315,"13,hymn_039_b,21,20000000,1000000,1000000,64,1,6,21388627,No,4,-5,1388.627,TRUE,12,17"
316,"13,hymn_047_b,10,9000000,1000000,1000000,71,1,1,10397033,No,3,2,1397.033,TRUE,12,17"
317,"13,hymn_054_b,22,21000000,1000000,1000000,76,1,2,25111128,No,2,7,4111.128,TRUE,12,17"
318,"13,hymn_073_b,9,8000000,1000000,1000000,75,1,3,10016313,Yes,3,8,2016.313,TRUE,12,17"
319,"13,hymn_081_b,58,57000000,1000000,1000000,74,1,3,58270007,No,1,5,1270.007,TRUE,12,17"
320,"13,hymn_119_b,17,16000000,1000000,1000000,66,1,2,17841045,No,4,-1,1841.045,TRUE,12,17"
321,"13,hymn_124a_b,9,8000000,1000000,1000000,72,1,4,9384355,No,3,5,1384.355,TRUE,12,17"
322,"13,hymn_127_b,46,45000000,1000000,1000000,61,1,2,46321900,No,2,-1,1321.9,TRUE,12,17"
323,"13,hymn_161_b,13,12000000,1000000,1000000,65,1,7,13224864,No,2,-3,1224.864,TRUE,12,17"
324,"13,hymn_163_b,9,8000000,1000000,1000000,74,1,5,9475638,No,4,8,1475.638,TRUE,12,17"
325,"13,hymn_190_b,41,40000000,1000000,1000000,72,1,4,41695844,No,2,5,1695.844,TRUE,12,17"
326,"13,hymn_213_b,21,20000000,1000000,1000000,68,1,5,21713479,No,4,-4,1713.479,TRUE,12,17"
327,"13,hymn_233_b,18,17000000,1000000,1000000,75,1,4,18656134,No,2,7,1656.134,TRUE,12,17"
328,"13,hymn_267_b,53,52000000,1000000,1000000,68,1,4,53172094,No,4,-7,1172.094,TRUE,12,17"
329,"13,hymn_273_b,9,8000000,1000000,1000000,64,1,4,9324357,No,3,-7,1324.357,TRUE,12,17"
330,"13,hymn_291_b,14,13000000,1000000,1000000,71,1,7,13943816,Yes,4,-1,943.816,TRUE,12,17"
331,"13,hymn_295_b,11,10000000,1000000,1000000,71,1,5,11470713,No,3,-5,1470.713,TRUE,12,17"
332,"13,hymn_311_b,21,20000000,1000000,1000000,74,1,2,21236315,Yes,4,3,1236.315,TRUE,12,17"
333,"13,hymn_388b_b,9,8000000,1000000,1000000,72,1,5,9529121,No,3,5,1529.121,TRUE,12,17"
334,"13,hymn_444_b,10,9000000,1000000,1000000,74,1,5,10796589,No,3,5,1796.589,TRUE,12,17"
335,"13,hymn_526_b,35,34000000,1000000,1000000,77,1,3,35339783,No,4,5,1339.783,TRUE,12,17"
336,"13,hymn_542_b,12,11000000,1000000,1000000,72,1,5,12301248,No,3,-4,1301.248,TRUE,12,17"
337,"13,hymn_565_b,9,8000000,1000000,1000000,74,1,3,9597531,No,1,12,1597.531,TRUE,12,17"
338,"14,hymn_007_b,26,25000000,1000000,1000000,71,1,4,29721706,No,2,5,4721.706,FALSE,0,0"
339,"14,hymn_022_b,22,21000000,1000000,1000000,75,1,5,25433362,Yes,5,6,4433.362,FALSE,0,0"
340,"14,hymn_025_b,9,8000000,1000000,1000000,75,1,1,10339351,No,3,12,2339.351,FALSE,0,0"
341,"14,hymn_039_b,21,20000000,1000000,1000000,64,1,3,22623539,No,3,-5,2623.539,FALSE,0,0"
342,"14,hymn_047_b,10,9000000,1000000,1000000,71,1,3,11499597,No,3,2,2499.597,FALSE,0,0"
343,"14,hymn_054_b,22,21000000,1000000,1000000,76,1,2,23809754,No,4,7,2809.754,FALSE,0,0"
344,"14,hymn_073_b,9,8000000,1000000,1000000,75,1,2,11619101,No,2,8,3619.101,FALSE,0,0"
345,"14,hymn_081_b,58,57000000,1000000,1000000,74,1,2,58553468,Yes,5,5,1553.468,FALSE,0,0"
346,"14,hymn_119_b,17,16000000,1000000,1000000,66,1,7,17761515,Yes,5,-1,1761.515,FALSE,0,0"
347,"14,hymn_124a_b,9,8000000,1000000,1000000,72,1,3,10721004,Yes,5,5,2721.004,FALSE,0,0"
348,"14,hymn_127_b,46,45000000,1000000,1000000,61,1,1,46871587,Yes,4,-1,1871.587,FALSE,0,0"
349,"14,hymn_161_b,13,12000000,1000000,1000000,65,1,3,15052953,No,3,-3,3052.953,FALSE,0,0"
350,"14,hymn_163_b,9,8000000,1000000,1000000,74,1,2,10807797,Yes,5,8,2807.797,FALSE,0,0"
351,"14,hymn_190_b,41,40000000,1000000,1000000,72,1,2,42107004,No,4,5,2107.004,FALSE,0,0"
352,"14,hymn_213_b,21,20000000,1000000,1000000,68,1,3,21476650,No,2,-4,1476.65,FALSE,0,0"
353,"14,hymn_233_b,18,17000000,1000000,1000000,75,1,6,20098880,Yes,4,7,3098.88,FALSE,0,0"
354,"14,hymn_267_b,53,52000000,1000000,1000000,68,1,1,54339178,Yes,4,-7,2339.178,FALSE,0,0"
355,"14,hymn_273_b,9,8000000,1000000,1000000,64,1,2,10583963,No,3,-7,2583.963,FALSE,0,0"
356,"14,hymn_291_b,14,13000000,1000000,1000000,71,1,2,16512944,Yes,2,-1,3512.944,FALSE,0,0"
357,"14,hymn_295_b,11,10000000,1000000,1000000,71,1,1,11949109,No,2,-5,1949.109,FALSE,0,0"
358,"14,hymn_311_b,21,20000000,1000000,1000000,74,1,1,22491705,No,1,3,2491.705,FALSE,0,0"
359,"14,hymn_388b_b,9,8000000,1000000,1000000,72,1,2,9905230,No,3,5,1905.23,FALSE,0,0"
360,"14,hymn_444_b,10,9000000,1000000,1000000,74,1,5,13450508,No,3,5,4450.508,FALSE,0,0"
361,"14,hymn_526_b,35,34000000,1000000,1000000,77,1,7,36680982,Yes,5,5,2680.982,FALSE,0,0"
362,"14,hymn_542_b,12,11000000,1000000,1000000,72,1,3,13074806,No,4,-4,2074.806,FALSE,0,0"
363,"14,hymn_565_b,9,8000000,1000000,1000000,74,1,1,9689683,Yes,3,12,1689.683,FALSE,0,0"
364,"15,hymn_007_b,26,25000000,1000000,1000000,71,1,3,28844044,No,3,5,3844.044,TRUE,10,25"
365,"15,hymn_022_b,22,21000000,1000000,1000000,75,1,2,23602817,No,3,6,2602.817,TRUE,10,25"
366,"15,hymn_025_b,9,8000000,1000000,1000000,75,1,1,9341945,No,4,12,1341.945,TRUE,10,25"
367,"15,hymn_039_b,21,20000000,1000000,1000000,64,1,2,22600797,No,3,-5,2600.797,TRUE,10,25"
368,"15,hymn_047_b,10,9000000,1000000,1000000,71,1,2,11050889,No,4,2,2050.889,TRUE,10,25"
369,"15,hymn_054_b,22,21000000,1000000,1000000,76,1,4,27091263,No,3,7,6091.263,TRUE,10,25"
370,"15,hymn_073_b,9,8000000,1000000,1000000,75,1,5,10314884,No,3,8,2314.884,TRUE,10,25"
371,"15,hymn_081_b,58,57000000,1000000,1000000,74,1,2,59635767,No,2,5,2635.767,TRUE,10,25"
372,"15,hymn_119_b,17,16000000,1000000,1000000,66,1,6,18326283,No,4,-1,2326.283,TRUE,10,25"
373,"15,hymn_124a_b,9,8000000,1000000,1000000,72,1,4,11050653,No,4,5,3050.653,TRUE,10,25"
374,"15,hymn_127_b,46,45000000,1000000,1000000,61,1,5,47484823,No,3,-1,2484.823,TRUE,10,25"
375,"15,hymn_161_b,13,12000000,1000000,1000000,65,1,5,16481376,No,2,-3,4481.376,TRUE,10,25"
376,"15,hymn_163_b,9,8000000,1000000,1000000,74,1,5,10562996,No,3,8,2562.996,TRUE,10,25"
377,"15,hymn_190_b,41,40000000,1000000,1000000,72,1,3,42081704,No,2,5,2081.704,TRUE,10,25"
378,"15,hymn_213_b,21,20000000,1000000,1000000,68,1,4,22049921,No,4,-4,2049.921,TRUE,10,25"
379,"15,hymn_233_b,18,17000000,1000000,1000000,75,1,3,20638945,No,3,7,3638.945,TRUE,10,25"
380,"15,hymn_267_b,53,52000000,1000000,1000000,68,1,1,54268448,No,2,-7,2268.448,TRUE,10,25"
381,"15,hymn_273_b,9,8000000,1000000,1000000,64,1,1,11386356,No,2,-7,3386.356,TRUE,10,25"
382,"15,hymn_291_b,14,13000000,1000000,1000000,71,1,6,16327626,No,5,-1,3327.626,TRUE,10,25"
383,"15,hymn_295_b,11,10000000,1000000,1000000,71,1,4,12620741,No,1,-5,2620.741,TRUE,10,25"
384,"15,hymn_311_b,21,20000000,1000000,1000000,74,1,2,22045683,No,3,3,2045.683,TRUE,10,25"
385,"15,hymn_388b_b,9,8000000,1000000,1000000,72,1,2,13883609,No,3,5,5883.609,TRUE,10,25"
386,"15,hymn_444_b,10,9000000,1000000,1000000,74,1,3,11097060,No,2,5,2097.06,TRUE,10,25"
387,"15,hymn_526_b,35,34000000,1000000,1000000,77,1,3,37439749,No,3,5,3439.749,TRUE,10,25"
388,"15,hymn_542_b,12,11000000,1000000,1000000,72,1,3,13745395,No,1,-4,2745.395,TRUE,10,25"
389,"15,hymn_565_b,9,8000000,1000000,1000000,74,1,1,9511123,No,2,12,1511.123,TRUE,10,25"
390,"16,hymn_007_b,26,25000000,1000000,1000000,71,1,5,25911722,No,3,5,911.722,TRUE,21,23"
391,"16,hymn_022_b,22,21000000,1000000,1000000,75,1,2,22431266,No,2,6,1431.266,TRUE,21,23"
392,"16,hymn_025_b,9,8000000,1000000,1000000,75,1,2,9861998,No,3,12,1861.998,TRUE,21,23"
393,"16,hymn_039_b,21,20000000,1000000,1000000,64,1,3,21486598,No,3,-5,1486.598,TRUE,21,23"
394,"16,hymn_047_b,10,9000000,1000000,1000000,71,1,3,10444884,No,3,2,1444.884,TRUE,21,23"
395,"16,hymn_054_b,22,21000000,1000000,1000000,76,1,3,23855785,No,3,7,2855.785,TRUE,21,23"
396,"16,hymn_073_b,9,8000000,1000000,1000000,75,1,3,9572710,No,3,8,1572.71,TRUE,21,23"
397,"16,hymn_081_b,58,57000000,1000000,1000000,74,1,4,58266628,No,4,5,1266.628,TRUE,21,23"
398,"16,hymn_119_b,17,16000000,1000000,1000000,66,1,4,18251715,No,2,-1,2251.715,TRUE,21,23"
399,"16,hymn_124a_b,9,8000000,1000000,1000000,72,1,6,9270944,No,4,5,1270.944,TRUE,21,23"
400,"16,hymn_127_b,46,45000000,1000000,1000000,61,1,5,52727468,No,3,-1,7727.468,TRUE,21,23"
401,"16,hymn_161_b,13,12000000,1000000,1000000,65,1,5,13568704,No,3,-3,1568.704,TRUE,21,23"
402,"16,hymn_163_b,9,8000000,1000000,1000000,74,1,2,9459127,No,3,8,1459.127,TRUE,21,23"
403,"16,hymn_190_b,41,40000000,1000000,1000000,72,1,2,41607315,No,4,5,1607.315,TRUE,21,23"
404,"16,hymn_213_b,21,20000000,1000000,1000000,68,1,4,23252185,No,2,-4,3252.185,TRUE,21,23"
405,"16,hymn_233_b,18,17000000,1000000,1000000,75,1,2,19107582,No,3,7,2107.582,TRUE,21,23"
406,"16,hymn_267_b,53,52000000,1000000,1000000,68,1,2,53491643,No,4,-7,1491.643,TRUE,21,23"
407,"16,hymn_273_b,9,8000000,1000000,1000000,64,1,6,12392313,No,4,-7,4392.313,TRUE,21,23"
408,"16,hymn_291_b,14,13000000,1000000,1000000,71,1,6,14642151,No,5,-1,1642.151,TRUE,21,23"
409,"16,hymn_295_b,11,10000000,1000000,1000000,71,1,2,11265641,No,4,-5,1265.641,TRUE,21,23"
410,"16,hymn_311_b,21,20000000,1000000,1000000,74,1,3,23403343,No,4,3,3403.343,TRUE,21,23"
411,"16,hymn_388b_b,9,8000000,1000000,1000000,72,1,6,9539247,No,3,5,1539.247,TRUE,21,23"
412,"16,hymn_444_b,10,9000000,1000000,1000000,74,1,3,10317772,No,3,5,1317.772,TRUE,21,23"
413,"16,hymn_526_b,35,34000000,1000000,1000000,77,1,4,36245037,No,2,5,2245.037,TRUE,21,23"
414,"16,hymn_542_b,12,11000000,1000000,1000000,72,1,3,12316166,No,3,-4,1316.166,TRUE,21,23"
415,"16,hymn_565_b,9,8000000,1000000,1000000,74,1,3,9336564,No,4,12,1336.564,TRUE,21,23"
416,"17,hymn_007_b,26,25000000,1000000,1000000,71,1,NA,NA,No,3,5,NA,FALSE,0,10"
417,"17,hymn_022_b,22,21000000,1000000,1000000,75,1,4,23604651,No,3,6,2604.651,FALSE,0,10"
418,"17,hymn_025_b,9,8000000,1000000,1000000,75,1,2,10496160,No,3,12,2496.16,FALSE,0,10"
419,"17,hymn_039_b,21,20000000,1000000,1000000,64,1,2,22483120,No,3,-5,2483.12,FALSE,0,10"
420,"17,hymn_047_b,10,9000000,1000000,1000000,71,1,5,11781631,No,3,2,2781.631,FALSE,0,10"
421,"17,hymn_054_b,22,21000000,1000000,1000000,76,1,2,24915716,No,3,7,3915.716,FALSE,0,10"
422,"17,hymn_073_b,9,8000000,1000000,1000000,75,1,3,10657095,No,3,8,2657.095,FALSE,0,10"
423,"17,hymn_081_b,58,57000000,1000000,1000000,74,1,2,58760410,No,3,5,1760.41,FALSE,0,10"
424,"17,hymn_119_b,17,16000000,1000000,1000000,66,1,3,18783582,No,3,-1,2783.582,FALSE,0,10"
425,"17,hymn_124a_b,9,8000000,1000000,1000000,72,1,4,9985327,No,3,5,1985.327,FALSE,0,10"
426,"17,hymn_127_b,46,45000000,1000000,1000000,61,1,3,49610225,No,2,-1,4610.225,FALSE,0,10"
427,"17,hymn_161_b,13,12000000,1000000,1000000,65,1,3,14255336,No,3,-3,2255.336,FALSE,0,10"
428,"17,hymn_163_b,9,8000000,1000000,1000000,74,1,3,10217863,No,2,8,2217.863,FALSE,0,10"
429,"17,hymn_190_b,41,40000000,1000000,1000000,72,1,3,41730231,No,3,5,1730.231,FALSE,0,10"
430,"17,hymn_213_b,21,20000000,1000000,1000000,68,1,3,21803440,No,3,-4,1803.44,FALSE,0,10"
431,"17,hymn_233_b,18,17000000,1000000,1000000,75,1,3,19517132,No,3,7,2517.132,FALSE,0,10"
432,"17,hymn_267_b,53,52000000,1000000,1000000,68,1,3,53688230,No,3,-7,1688.23,FALSE,0,10"
433,"17,hymn_273_b,9,8000000,1000000,1000000,64,1,2,11329026,No,2,-7,3329.026,FALSE,0,10"
434,"17,hymn_291_b,14,13000000,1000000,1000000,71,1,5,15881141,No,3,-1,2881.141,FALSE,0,10"
435,"17,hymn_295_b,11,10000000,1000000,1000000,71,1,2,12275322,No,3,-5,2275.322,FALSE,0,10"
436,"17,hymn_311_b,21,20000000,1000000,1000000,74,1,3,21660609,No,2,3,1660.609,FALSE,0,10"
437,"17,hymn_388b_b,9,8000000,1000000,1000000,72,1,4,9622748,No,3,5,1622.748,FALSE,0,10"
438,"17,hymn_444_b,10,9000000,1000000,1000000,74,1,3,10791140,No,3,5,1791.14,FALSE,0,10"
439,"17,hymn_526_b,35,34000000,1000000,1000000,77,1,2,36056464,No,3,5,2056.464,FALSE,0,10"
440,"17,hymn_542_b,12,11000000,1000000,1000000,72,1,3,13482612,No,3,-4,2482.612,FALSE,0,10"
441,"17,hymn_565_b,9,8000000,1000000,1000000,74,1,2,9939189,No,3,12,1939.189,FALSE,0,10"
442,"18,hymn_007_b,26,25000000,1000000,1000000,71,1,5,28046952,No,4,5,3046.952,FALSE,0,0"
443,"18,hymn_022_b,22,21000000,1000000,1000000,75,1,6,23129501,Yes,4,6,2129.501,FALSE,0,0"
444,"18,hymn_025_b,9,8000000,1000000,1000000,75,1,6,11864363,No,4,12,3864.363,FALSE,0,0"
445,"18,hymn_039_b,21,20000000,1000000,1000000,64,1,6,24965693,No,2,-5,4965.693,FALSE,0,0"
446,"18,hymn_047_b,10,9000000,1000000,1000000,71,1,5,12049139,No,3,2,3049.139,FALSE,0,0"
447,"18,hymn_054_b,22,21000000,1000000,1000000,76,1,2,24934510,No,4,7,3934.51,FALSE,0,0"
448,"18,hymn_073_b,9,8000000,1000000,1000000,75,1,4,12447270,No,3,8,4447.27,FALSE,0,0"
449,"18,hymn_081_b,58,57000000,1000000,1000000,74,1,6,62248084,No,4,5,5248.084,FALSE,0,0"
450,"18,hymn_119_b,17,16000000,1000000,1000000,66,1,7,19912533,No,3,-1,3912.533,FALSE,0,0"
451,"18,hymn_124a_b,9,8000000,1000000,1000000,72,1,6,11015522,No,3,5,3015.522,FALSE,0,0"
452,"18,hymn_127_b,46,45000000,1000000,1000000,61,1,7,47356803,Yes,4,-1,2356.803,FALSE,0,0"
453,"18,hymn_161_b,13,12000000,1000000,1000000,65,1,5,15585348,No,3,-3,3585.348,FALSE,0,0"
454,"18,hymn_163_b,9,8000000,1000000,1000000,74,1,7,12601219,No,4,8,4601.219,FALSE,0,0"
455,"18,hymn_190_b,41,40000000,1000000,1000000,72,1,4,42911242,No,3,5,2911.242,FALSE,0,0"
456,"18,hymn_213_b,21,20000000,1000000,1000000,68,1,6,24171520,No,2,-4,4171.52,FALSE,0,0"
457,"18,hymn_233_b,18,17000000,1000000,1000000,75,1,6,21107323,No,3,7,4107.323,FALSE,0,0"
458,"18,hymn_267_b,53,52000000,1000000,1000000,68,1,6,57672734,No,3,-7,5672.734,FALSE,0,0"
459,"18,hymn_273_b,9,8000000,1000000,1000000,64,1,6,14752991,No,3,-7,6752.991,FALSE,0,0"
460,"18,hymn_291_b,14,13000000,1000000,1000000,71,1,5,17755325,No,3,-1,4755.325,FALSE,0,0"
461,"18,hymn_295_b,11,10000000,1000000,1000000,71,1,7,14125540,No,3,-5,4125.54,FALSE,0,0"
462,"18,hymn_311_b,21,20000000,1000000,1000000,74,1,7,22897657,No,4,3,2897.657,FALSE,0,0"
463,"18,hymn_388b_b,9,8000000,1000000,1000000,72,1,7,11437679,No,4,5,3437.679,FALSE,0,0"
464,"18,hymn_444_b,10,9000000,1000000,1000000,74,1,7,11977823,No,3,5,2977.823,FALSE,0,0"
465,"18,hymn_526_b,35,34000000,1000000,1000000,77,1,7,39154472,No,4,5,5154.472,FALSE,0,0"
466,"18,hymn_542_b,12,11000000,1000000,1000000,72,1,6,15068018,No,3,-4,4068.018,FALSE,0,0"
467,"18,hymn_565_b,9,8000000,1000000,1000000,74,1,6,11704153,No,3,12,3704.153,FALSE,0,0"
468,"19,hymn_007_b,26,25000000,1000000,1000000,71,1,2,26234572,No,5,5,1234.572,FALSE,0,0"
469,"19,hymn_022_b,22,21000000,1000000,1000000,75,1,1,22587408,No,1,6,1587.408,FALSE,0,0"
470,"19,hymn_025_b,9,8000000,1000000,1000000,75,1,1,9298390,No,2,12,1298.39,FALSE,0,0"
471,"19,hymn_039_b,21,20000000,1000000,1000000,64,1,2,22117818,No,3,-5,2117.818,FALSE,0,0"
472,"19,hymn_047_b,10,9000000,1000000,1000000,71,1,3,11600953,No,4,2,2600.953,FALSE,0,0"
473,"19,hymn_054_b,22,21000000,1000000,1000000,76,1,1,22350786,No,1,7,1350.786,FALSE,0,0"
474,"19,hymn_073_b,9,8000000,1000000,1000000,75,1,1,9437978,No,4,8,1437.978,FALSE,0,0"
475,"19,hymn_081_b,58,57000000,1000000,1000000,74,1,4,58899281,No,2,5,1899.281,FALSE,0,0"
476,"19,hymn_119_b,17,16000000,1000000,1000000,66,1,2,17433204,No,4,-1,1433.204,FALSE,0,0"
477,"19,hymn_124a_b,9,8000000,1000000,1000000,72,1,3,9946266,No,4,5,1946.266,FALSE,0,0"
478,"19,hymn_127_b,46,45000000,1000000,1000000,61,1,1,46322039,No,2,-1,1322.039,FALSE,0,0"
479,"19,hymn_161_b,13,12000000,1000000,1000000,65,1,6,13882749,No,3,-3,1882.749,FALSE,0,0"
480,"19,hymn_163_b,9,8000000,1000000,1000000,74,1,5,10274210,No,4,8,2274.21,FALSE,0,0"
481,"19,hymn_190_b,41,40000000,1000000,1000000,72,1,1,41525566,No,2,5,1525.566,FALSE,0,0"
482,"19,hymn_213_b,21,20000000,1000000,1000000,68,1,3,21448368,Yes,4,-4,1448.368,FALSE,0,0"
483,"19,hymn_233_b,18,17000000,1000000,1000000,75,1,2,18733055,No,2,7,1733.055,FALSE,0,0"
484,"19,hymn_267_b,53,52000000,1000000,1000000,68,1,2,53620557,No,2,-7,1620.557,FALSE,0,0"
485,"19,hymn_273_b,9,8000000,1000000,1000000,64,1,3,9748069,No,3,-7,1748.069,FALSE,0,0"
486,"19,hymn_291_b,14,13000000,1000000,1000000,71,1,7,14230981,Yes,4,-1,1230.981,FALSE,0,0"
487,"19,hymn_295_b,11,10000000,1000000,1000000,71,1,2,12588752,No,3,-5,2588.752,FALSE,0,0"
488,"19,hymn_311_b,21,20000000,1000000,1000000,74,1,2,21792678,Yes,4,3,1792.678,FALSE,0,0"
489,"19,hymn_388b_b,9,8000000,1000000,1000000,72,1,7,9772999,No,2,5,1772.999,FALSE,0,0"
490,"19,hymn_444_b,10,9000000,1000000,1000000,74,1,5,10904999,No,3,5,1904.999,FALSE,0,0"
491,"19,hymn_526_b,35,34000000,1000000,1000000,77,1,6,35894765,No,2,5,1894.765,FALSE,0,0"
492,"19,hymn_542_b,12,11000000,1000000,1000000,72,1,3,12523087,No,4,-4,1523.087,FALSE,0,0"
493,"19,hymn_565_b,9,8000000,1000000,1000000,74,1,1,10230389,No,2,12,2230.389,FALSE,0,0"
494,"20,hymn_007_b,26,25000000,1000000,1000000,71,1,5,26981895,No,3,5,1981.895,FALSE,0,0"
495,"20,hymn_022_b,22,21000000,1000000,1000000,75,1,5,23414775,No,3,6,2414.775,FALSE,0,0"
496,"20,hymn_025_b,9,8000000,1000000,1000000,75,1,4,9754132,No,3,12,1754.132,FALSE,0,0"
497,"20,hymn_039_b,21,20000000,1000000,1000000,64,1,4,21655170,No,3,-5,1655.17,FALSE,0,0"
498,"20,hymn_047_b,10,9000000,1000000,1000000,71,1,6,11534740,No,3,2,2534.74,FALSE,0,0"
499,"20,hymn_054_b,22,21000000,1000000,1000000,76,1,2,23355565,No,3,7,2355.565,FALSE,0,0"
500,"20,hymn_073_b,9,8000000,1000000,1000000,75,1,4,9825197,No,3,8,1825.197,FALSE,0,0"
501,"20,hymn_081_b,58,57000000,1000000,1000000,74,1,4,58354482,No,3,5,1354.482,FALSE,0,0"
502,"20,hymn_119_b,17,16000000,1000000,1000000,66,1,5,17667625,No,3,-1,1667.625,FALSE,0,0"
503,"20,hymn_124a_b,9,8000000,1000000,1000000,72,1,5,9320338,No,3,5,1320.338,FALSE,0,0"
504,"20,hymn_127_b,46,45000000,1000000,1000000,61,1,2,46640534,No,3,-1,1640.534,FALSE,0,0"
505,"20,hymn_161_b,13,12000000,1000000,1000000,65,1,6,13478797,No,3,-3,1478.797,FALSE,0,0"
506,"20,hymn_163_b,9,8000000,1000000,1000000,74,1,4,10176513,No,3,8,2176.513,FALSE,0,0"
507,"20,hymn_190_b,41,40000000,1000000,1000000,72,1,4,41301275,No,3,5,1301.275,FALSE,0,0"
508,"20,hymn_213_b,21,20000000,1000000,1000000,68,1,6,22087789,No,4,-4,2087.789,FALSE,0,0"
509,"20,hymn_233_b,18,17000000,1000000,1000000,75,1,3,18311870,No,3,7,1311.87,FALSE,0,0"
510,"20,hymn_267_b,53,52000000,1000000,1000000,68,1,4,53709333,No,3,-7,1709.333,FALSE,0,0"
511,"20,hymn_273_b,9,8000000,1000000,1000000,64,1,4,9244889,Yes,3,-7,1244.889,FALSE,0,0"
512,"20,hymn_291_b,14,13000000,1000000,1000000,71,1,6,15000528,No,3,-1,2000.528,FALSE,0,0"
513,"20,hymn_295_b,11,10000000,1000000,1000000,71,1,5,11193675,No,3,-5,1193.675,FALSE,0,0"
514,"20,hymn_311_b,21,20000000,1000000,1000000,74,1,3,21807034,No,3,3,1807.034,FALSE,0,0"
515,"20,hymn_388b_b,9,8000000,1000000,1000000,72,1,6,10294377,No,3,5,2294.377,FALSE,0,0"
516,"20,hymn_444_b,10,9000000,1000000,1000000,74,1,4,10652394,No,3,5,1652.394,FALSE,0,0"
517,"20,hymn_526_b,35,34000000,1000000,1000000,77,1,4,36467574,No,3,5,2467.574,FALSE,0,0"
518,"20,hymn_542_b,12,11000000,1000000,1000000,72,1,4,12235772,No,3,-4,1235.772,FALSE,0,0"
519,"20,hymn_565_b,9,8000000,1000000,1000000,74,1,1,9693015,No,3,12,1693.015,FALSE,0,0"
520,"21,hymn_007_b,26,25000000,1000000,1000000,71,1,5,27027464,No,4,5,2027.464,FALSE,0,10"
521,"21,hymn_022_b,22,21000000,1000000,1000000,75,1,5,25695784,Yes,4,6,4695.784,FALSE,0,10"
522,"21,hymn_025_b,9,8000000,1000000,1000000,75,1,4,11706761,No,5,12,3706.761,FALSE,0,10"
523,"21,hymn_039_b,21,20000000,1000000,1000000,64,1,6,23661040,Yes,5,-5,3661.04,FALSE,0,10"
524,"21,hymn_047_b,10,9000000,1000000,1000000,71,1,3,11345740,No,4,2,2345.74,FALSE,0,10"
525,"21,hymn_054_b,22,21000000,1000000,1000000,76,1,NA,NA,No,4,7,NA,FALSE,0,10"
526,"21,hymn_073_b,9,8000000,1000000,1000000,75,1,4,13102643,Yes,4,8,5102.643,FALSE,0,10"
527,"21,hymn_081_b,58,57000000,1000000,1000000,74,1,5,63436872,No,4,5,6436.872,FALSE,0,10"
528,"21,hymn_119_b,17,16000000,1000000,1000000,66,1,5,28404189,No,3,-1,12404.189,FALSE,0,10"
529,"21,hymn_124a_b,9,8000000,1000000,1000000,72,1,5,11797403,No,4,5,3797.403,FALSE,0,10"
530,"21,hymn_127_b,46,45000000,1000000,1000000,61,1,3,48673653,Yes,4,-1,3673.653,FALSE,0,10"
531,"21,hymn_161_b,13,12000000,1000000,1000000,65,1,6,14108199,Yes,4,-3,2108.199,FALSE,0,10"
532,"21,hymn_163_b,9,8000000,1000000,1000000,74,1,4,15399450,Yes,4,8,7399.45,FALSE,0,10"
533,"21,hymn_190_b,41,40000000,1000000,1000000,72,1,4,43501717,Yes,4,5,3501.717,FALSE,0,10"
534,"21,hymn_213_b,21,20000000,1000000,1000000,68,1,5,27328130,No,3,-4,7328.13,FALSE,0,10"
535,"21,hymn_233_b,18,17000000,1000000,1000000,75,1,3,20146771,No,3,7,3146.771,FALSE,0,10"
536,"21,hymn_267_b,53,52000000,1000000,1000000,68,1,6,53345499,No,4,-7,1345.499,FALSE,0,10"
537,"21,hymn_273_b,9,8000000,1000000,1000000,64,1,4,10957623,Yes,5,-7,2957.623,FALSE,0,10"
538,"21,hymn_291_b,14,13000000,1000000,1000000,71,1,NA,NA,Yes,4,-1,NA,FALSE,0,10"
539,"21,hymn_295_b,11,10000000,1000000,1000000,71,1,3,14040349,No,4,-5,4040.349,FALSE,0,10"
540,"21,hymn_311_b,21,20000000,1000000,1000000,74,1,3,22965537,Yes,4,3,2965.537,FALSE,0,10"
541,"21,hymn_388b_b,9,8000000,1000000,1000000,72,1,5,11017955,Yes,4,5,3017.955,FALSE,0,10"
542,"21,hymn_444_b,10,9000000,1000000,1000000,74,1,4,11258198,No,4,5,2258.198,FALSE,0,10"
543,"21,hymn_526_b,35,34000000,1000000,1000000,77,1,4,37085760,Yes,4,5,3085.76,FALSE,0,10"
544,"21,hymn_542_b,12,11000000,1000000,1000000,72,1,3,13318540,No,4,-4,2318.54,FALSE,0,10"
545,"21,hymn_565_b,9,8000000,1000000,1000000,74,1,4,10080003,No,4,12,2080.003,FALSE,0,10"
546,"22,hymn_007_b,26,25000000,1000000,1000000,71,1,5,26737647,No,2,5,1737.647,FALSE,3,0"
547,"22,hymn_022_b,22,21000000,1000000,1000000,75,1,4,21920956,No,3,6,920.956,FALSE,3,0"
548,"22,hymn_025_b,9,8000000,1000000,1000000,75,1,5,10153742,No,4,12,2153.742,FALSE,3,0"
549,"22,hymn_039_b,21,20000000,1000000,1000000,64,1,6,21106388,No,4,-5,1106.388,FALSE,3,0"
550,"22,hymn_047_b,10,9000000,1000000,1000000,71,1,5,10906937,No,2,2,1906.937,FALSE,3,0"
551,"22,hymn_054_b,22,21000000,1000000,1000000,76,1,2,22226925,No,4,7,1226.925,FALSE,3,0"
552,"22,hymn_073_b,9,8000000,1000000,1000000,75,1,3,10621394,No,4,8,2621.394,FALSE,3,0"
553,"22,hymn_081_b,58,57000000,1000000,1000000,74,1,2,58546681,No,2,5,1546.681,FALSE,3,0"
554,"22,hymn_119_b,17,16000000,1000000,1000000,66,1,2,16611979,No,1,-1,611.979,FALSE,3,0"
555,"22,hymn_124a_b,9,8000000,1000000,1000000,72,1,6,9004891,No,5,5,1004.891,FALSE,3,0"
556,"22,hymn_127_b,46,45000000,1000000,1000000,61,1,1,46725475,No,2,-1,1725.475,FALSE,3,0"
557,"22,hymn_161_b,13,12000000,1000000,1000000,65,1,4,12914325,No,2,-3,914.325,FALSE,3,0"
558,"22,hymn_163_b,9,8000000,1000000,1000000,74,1,2,9415883,No,2,8,1415.883,FALSE,3,0"
559,"22,hymn_190_b,41,40000000,1000000,1000000,72,1,2,41408002,No,4,5,1408.002,FALSE,3,0"
560,"22,hymn_213_b,21,20000000,1000000,1000000,68,1,3,21456267,No,4,-4,1456.267,FALSE,3,0"
561,"22,hymn_233_b,18,17000000,1000000,1000000,75,1,2,18335978,No,3,7,1335.978,FALSE,3,0"
562,"22,hymn_267_b,53,52000000,1000000,1000000,68,1,3,53800645,No,4,-7,1800.645,FALSE,3,0"
563,"22,hymn_273_b,9,8000000,1000000,1000000,64,1,2,9563961,No,4,-7,1563.961,FALSE,3,0"
564,"22,hymn_291_b,14,13000000,1000000,1000000,71,1,7,15249226,Yes,5,-1,2249.226,FALSE,3,0"
565,"22,hymn_295_b,11,10000000,1000000,1000000,71,1,5,11358839,No,1,-5,1358.839,FALSE,3,0"
566,"22,hymn_311_b,21,20000000,1000000,1000000,74,1,4,20718166,No,4,3,718.166,FALSE,3,0"
567,"22,hymn_388b_b,9,8000000,1000000,1000000,72,1,5,10101959,No,4,5,2101.959,FALSE,3,0"
568,"22,hymn_444_b,10,9000000,1000000,1000000,74,1,6,10042137,No,4,5,1042.137,FALSE,3,0"
569,"22,hymn_526_b,35,34000000,1000000,1000000,77,1,2,35074178,No,2,5,1074.178,FALSE,3,0"
570,"22,hymn_542_b,12,11000000,1000000,1000000,72,1,6,12406247,No,4,-4,1406.247,FALSE,3,0"
571,"22,hymn_565_b,9,8000000,1000000,1000000,74,1,2,9663764,No,2,12,1663.764,FALSE,3,0"
572,"23,hymn_007_b,26,25000000,1000000,1000000,71,1,5,26584554,No,4,5,1584.554,TRUE,10,34"
573,"23,hymn_022_b,22,21000000,1000000,1000000,75,1,3,23646881,No,2,6,2646.881,TRUE,10,34"
574,"23,hymn_025_b,9,8000000,1000000,1000000,75,1,7,9608022,No,3,12,1608.022,TRUE,10,34"
575,"23,hymn_039_b,21,20000000,1000000,1000000,64,1,4,22972996,No,3,-5,2972.996,TRUE,10,34"
576,"23,hymn_047_b,10,9000000,1000000,1000000,71,1,3,15243574,No,3,2,6243.574,TRUE,10,34"
577,"23,hymn_054_b,22,21000000,1000000,1000000,76,1,3,24145417,No,3,7,3145.417,TRUE,10,34"
578,"23,hymn_073_b,9,8000000,1000000,1000000,75,1,7,9547989,No,3,8,1547.989,TRUE,10,34"
579,"23,hymn_081_b,58,57000000,1000000,1000000,74,1,3,58790481,No,1,5,1790.481,TRUE,10,34"
580,"23,hymn_119_b,17,16000000,1000000,1000000,66,1,3,19584510,No,4,-1,3584.51,TRUE,10,34"
581,"23,hymn_124a_b,9,8000000,1000000,1000000,72,1,6,10823131,No,2,5,2823.131,TRUE,10,34"
582,"23,hymn_127_b,46,45000000,1000000,1000000,61,1,2,48970576,No,4,-1,3970.576,TRUE,10,34"
583,"23,hymn_161_b,13,12000000,1000000,1000000,65,1,5,14629885,No,2,-3,2629.885,TRUE,10,34"
584,"23,hymn_163_b,9,8000000,1000000,1000000,74,1,3,9935884,No,3,8,1935.884,TRUE,10,34"
585,"23,hymn_190_b,41,40000000,1000000,1000000,72,1,4,41964902,No,3,5,1964.902,TRUE,10,34"
586,"23,hymn_213_b,21,20000000,1000000,1000000,68,1,5,23587415,No,4,-4,3587.415,TRUE,10,34"
587,"23,hymn_233_b,18,17000000,1000000,1000000,75,1,3,21167272,No,3,7,4167.272,TRUE,10,34"
588,"23,hymn_267_b,53,52000000,1000000,1000000,68,1,5,55181930,No,4,-7,3181.93,TRUE,10,34"
589,"23,hymn_273_b,9,8000000,1000000,1000000,64,1,2,9898218,No,2,-7,1898.218,TRUE,10,34"
590,"23,hymn_291_b,14,13000000,1000000,1000000,71,1,5,16146055,No,3,-1,3146.055,TRUE,10,34"
591,"23,hymn_295_b,11,10000000,1000000,1000000,71,1,4,12131555,No,3,-5,2131.555,TRUE,10,34"
592,"23,hymn_311_b,21,20000000,1000000,1000000,74,1,6,27499352,Yes,4,3,7499.352,TRUE,10,34"
593,"23,hymn_388b_b,9,8000000,1000000,1000000,72,1,6,10221610,No,2,5,2221.61,TRUE,10,34"
594,"23,hymn_444_b,10,9000000,1000000,1000000,74,1,5,10962934,No,3,5,1962.934,TRUE,10,34"
595,"23,hymn_526_b,35,34000000,1000000,1000000,77,1,1,40214573,No,4,5,6214.573,TRUE,10,34"
596,"23,hymn_542_b,12,11000000,1000000,1000000,72,1,7,12591452,No,3,-4,1591.452,TRUE,10,34"
597,"23,hymn_565_b,9,8000000,1000000,1000000,74,1,7,9910957,No,4,12,1910.957,TRUE,10,34"
598,"24,hymn_007_b,26,25000000,1000000,1000000,71,1,6,27238353,No,3,5,2238.353,FALSE,0,0"
599,"24,hymn_022_b,22,21000000,1000000,1000000,75,1,5,23613565,No,4,6,2613.565,FALSE,0,0"
600,"24,hymn_025_b,9,8000000,1000000,1000000,75,1,5,11451836,Yes,3,12,3451.836,FALSE,0,0"
601,"24,hymn_039_b,21,20000000,1000000,1000000,64,1,5,21498030,No,3,-5,1498.03,FALSE,0,0"
602,"24,hymn_047_b,10,9000000,1000000,1000000,71,1,5,12605610,No,4,2,3605.61,FALSE,0,0"
603,"24,hymn_054_b,22,21000000,1000000,1000000,76,1,5,25065687,No,4,7,4065.687,FALSE,0,0"
604,"24,hymn_073_b,9,8000000,1000000,1000000,75,1,6,10344407,No,4,8,2344.407,FALSE,0,0"
605,"24,hymn_081_b,58,57000000,1000000,1000000,74,1,5,58290434,No,4,5,1290.434,FALSE,0,0"
606,"24,hymn_119_b,17,16000000,1000000,1000000,66,1,4,19417584,No,3,-1,3417.584,FALSE,0,0"
607,"24,hymn_124a_b,9,8000000,1000000,1000000,72,1,5,9950147,No,3,5,1950.147,FALSE,0,0"
608,"24,hymn_127_b,46,45000000,1000000,1000000,61,1,3,46920367,No,2,-1,1920.367,FALSE,0,0"
609,"24,hymn_161_b,13,12000000,1000000,1000000,65,1,7,13201953,No,3,-3,1201.953,FALSE,0,0"
610,"24,hymn_163_b,9,8000000,1000000,1000000,74,1,4,10565725,No,3,8,2565.725,FALSE,0,0"
611,"24,hymn_190_b,41,40000000,1000000,1000000,72,1,6,42630434,Yes,4,5,2630.434,FALSE,0,0"
612,"24,hymn_213_b,21,20000000,1000000,1000000,68,1,7,21029698,No,3,-4,1029.698,FALSE,0,0"
613,"24,hymn_233_b,18,17000000,1000000,1000000,75,1,4,19169318,No,3,7,2169.318,FALSE,0,0"
614,"24,hymn_267_b,53,52000000,1000000,1000000,68,1,6,53040515,No,3,-7,1040.515,FALSE,0,0"
615,"24,hymn_273_b,9,8000000,1000000,1000000,64,1,5,10337425,No,4,-7,2337.425,FALSE,0,0"
616,"24,hymn_291_b,14,13000000,1000000,1000000,71,1,6,14449191,Yes,4,-1,1449.191,FALSE,0,0"
617,"24,hymn_295_b,11,10000000,1000000,1000000,71,1,5,12004503,No,3,-5,2004.503,FALSE,0,0"
618,"24,hymn_311_b,21,20000000,1000000,1000000,74,1,3,21680405,No,3,3,1680.405,FALSE,0,0"
619,"24,hymn_388b_b,9,8000000,1000000,1000000,72,1,5,10450900,Yes,4,5,2450.9,FALSE,0,0"
620,"24,hymn_444_b,10,9000000,1000000,1000000,74,1,5,10569882,No,3,5,1569.882,FALSE,0,0"
621,"24,hymn_526_b,35,34000000,1000000,1000000,77,1,3,35907722,No,3,5,1907.722,FALSE,0,0"
622,"24,hymn_542_b,12,11000000,1000000,1000000,72,1,7,13054434,Yes,3,-4,2054.434,FALSE,0,0"
623,"24,hymn_565_b,9,8000000,1000000,1000000,74,1,4,11664546,No,3,12,3664.546,FALSE,0,0"
624,"25,hymn_007_b,26,25000000,1000000,1000000,71,1,5,26007679,No,2,5,1007.679,FALSE,3.5,12"
625,"25,hymn_022_b,22,21000000,1000000,1000000,75,1,6,22628810,No,1,6,1628.81,FALSE,3.5,12"
626,"25,hymn_025_b,9,8000000,1000000,1000000,75,1,5,10820376,No,1,12,2820.376,FALSE,3.5,12"
627,"25,hymn_039_b,21,20000000,1000000,1000000,64,1,5,23395659,No,1,-5,3395.659,FALSE,3.5,12"
628,"25,hymn_047_b,10,9000000,1000000,1000000,71,1,2,12682529,No,2,2,3682.529,FALSE,3.5,12"
629,"25,hymn_054_b,22,21000000,1000000,1000000,76,1,3,24202056,No,2,7,3202.056,FALSE,3.5,12"
630,"25,hymn_073_b,9,8000000,1000000,1000000,75,1,5,14251677,No,2,8,6251.677,FALSE,3.5,12"
631,"25,hymn_081_b,58,57000000,1000000,1000000,74,1,5,59968562,No,2,5,2968.562,FALSE,3.5,12"
632,"25,hymn_119_b,17,16000000,1000000,1000000,66,1,3,17572551,No,2,-1,1572.551,FALSE,3.5,12"
633,"25,hymn_124a_b,9,8000000,1000000,1000000,72,1,7,10257849,No,2,5,2257.849,FALSE,3.5,12"
634,"25,hymn_127_b,46,45000000,1000000,1000000,61,1,7,45722903,No,2,-1,722.903,FALSE,3.5,12"
635,"25,hymn_161_b,13,12000000,1000000,1000000,65,1,5,16685546,No,3,-3,4685.546,FALSE,3.5,12"
636,"25,hymn_163_b,9,8000000,1000000,1000000,74,1,3,10717018,No,2,8,2717.018,FALSE,3.5,12"
637,"25,hymn_190_b,41,40000000,1000000,1000000,72,1,5,41218842,No,2,5,1218.842,FALSE,3.5,12"
638,"25,hymn_213_b,21,20000000,1000000,1000000,68,1,6,22774103,No,2,-4,2774.103,FALSE,3.5,12"
639,"25,hymn_233_b,18,17000000,1000000,1000000,75,1,6,18866330,No,3,7,1866.33,FALSE,3.5,12"
640,"25,hymn_267_b,53,52000000,1000000,1000000,68,1,5,55725171,No,3,-7,3725.171,FALSE,3.5,12"
641,"25,hymn_273_b,9,8000000,1000000,1000000,64,1,4,14900815,No,1,-7,6900.815,FALSE,3.5,12"
642,"25,hymn_291_b,14,13000000,1000000,1000000,71,1,2,16296543,No,2,-1,3296.543,FALSE,3.5,12"
643,"25,hymn_295_b,11,10000000,1000000,1000000,71,1,6,13685101,No,3,-5,3685.101,FALSE,3.5,12"
644,"25,hymn_311_b,21,20000000,1000000,1000000,74,1,2,22839464,No,2,3,2839.464,FALSE,3.5,12"
645,"25,hymn_388b_b,9,8000000,1000000,1000000,72,1,7,9340660,No,1,5,1340.66,FALSE,3.5,12"
646,"25,hymn_444_b,10,9000000,1000000,1000000,74,1,6,10645302,No,2,5,1645.302,FALSE,3.5,12"
647,"25,hymn_526_b,35,34000000,1000000,1000000,77,1,7,37299034,No,2,5,3299.034,FALSE,3.5,12"
648,"25,hymn_542_b,12,11000000,1000000,1000000,72,1,6,12308127,No,3,-4,1308.127,FALSE,3.5,12"
649,"25,hymn_565_b,9,8000000,1000000,1000000,74,1,6,9693525,No,3,12,1693.525,FALSE,3.5,12"
650,"26,hymn_007_b,26,25000000,1000000,1000000,71,1,7,26035531,Yes,4,5,1035.531,TRUE,12,41"
651,"26,hymn_022_b,22,21000000,1000000,1000000,75,1,4,24692596,No,4,6,3692.596,TRUE,12,41"
652,"26,hymn_025_b,9,8000000,1000000,1000000,75,1,2,9610563,No,3,12,1610.563,TRUE,12,41"
653,"26,hymn_039_b,21,20000000,1000000,1000000,64,1,3,22531850,No,4,-5,2531.85,TRUE,12,41"
654,"26,hymn_047_b,10,9000000,1000000,1000000,71,1,7,11214976,Yes,4,2,2214.976,TRUE,12,41"
655,"26,hymn_054_b,22,21000000,1000000,1000000,76,1,7,22132938,Yes,5,7,1132.938,TRUE,12,41"
656,"26,hymn_073_b,9,8000000,1000000,1000000,75,1,7,9361726,Yes,5,8,1361.726,TRUE,12,41"
657,"26,hymn_081_b,58,57000000,1000000,1000000,74,1,7,58172606,Yes,5,5,1172.606,TRUE,12,41"
658,"26,hymn_119_b,17,16000000,1000000,1000000,66,1,3,18132958,No,2,-1,2132.958,TRUE,12,41"
659,"26,hymn_124a_b,9,8000000,1000000,1000000,72,1,4,9620669,No,3,5,1620.669,TRUE,12,41"
660,"26,hymn_127_b,46,45000000,1000000,1000000,61,1,7,46435446,Yes,4,-1,1435.446,TRUE,12,41"
661,"26,hymn_161_b,13,12000000,1000000,1000000,65,1,7,13232988,Yes,4,-3,1232.988,TRUE,12,41"
662,"26,hymn_163_b,9,8000000,1000000,1000000,74,1,7,8881738,Yes,4,8,881.738,TRUE,12,41"
663,"26,hymn_190_b,41,40000000,1000000,1000000,72,1,7,41525726,Yes,3,5,1525.726,TRUE,12,41"
664,"26,hymn_213_b,21,20000000,1000000,1000000,68,1,4,22092929,No,3,-4,2092.929,TRUE,12,41"
665,"26,hymn_233_b,18,17000000,1000000,1000000,75,1,3,19079866,No,3,7,2079.866,TRUE,12,41"
666,"26,hymn_267_b,53,52000000,1000000,1000000,68,1,7,52954699,Yes,5,-7,954.699,TRUE,12,41"
667,"26,hymn_273_b,9,8000000,1000000,1000000,64,1,7,9283863,Yes,5,-7,1283.863,TRUE,12,41"
668,"26,hymn_291_b,14,13000000,1000000,1000000,71,1,7,13815771,Yes,5,-1,815.771,TRUE,12,41"
669,"26,hymn_295_b,11,10000000,1000000,1000000,71,1,4,12605695,No,2,-5,2605.695,TRUE,12,41"
670,"26,hymn_311_b,21,20000000,1000000,1000000,74,1,7,20955457,Yes,5,3,955.457,TRUE,12,41"
671,"26,hymn_388b_b,9,8000000,1000000,1000000,72,1,1,9833981,No,4,5,1833.981,TRUE,12,41"
672,"26,hymn_444_b,10,9000000,1000000,1000000,74,1,7,10395735,Yes,4,5,1395.735,TRUE,12,41"
673,"26,hymn_526_b,35,34000000,1000000,1000000,77,1,7,35450813,No,5,5,1450.813,TRUE,12,41"
674,"26,hymn_542_b,12,11000000,1000000,1000000,72,1,7,11914451,Yes,5,-4,914.451,TRUE,12,41"
675,"26,hymn_565_b,9,8000000,1000000,1000000,74,1,1,10360188,No,3,12,2360.188,TRUE,12,41"
676,"27,hymn_007_b,26,25000000,1000000,1000000,71,1,3,28244545,No,3,5,3244.545,FALSE,0,0"
677,"27,hymn_022_b,22,21000000,1000000,1000000,75,1,4,23333242,Yes,3,6,2333.242,FALSE,0,0"
678,"27,hymn_025_b,9,8000000,1000000,1000000,75,1,1,10671781,No,2,12,2671.781,FALSE,0,0"
679,"27,hymn_039_b,21,20000000,1000000,1000000,64,1,3,23438259,No,4,-5,3438.259,FALSE,0,0"
680,"27,hymn_047_b,10,9000000,1000000,1000000,71,1,4,17307700,Yes,3,2,8307.7,FALSE,0,0"
681,"27,hymn_054_b,22,21000000,1000000,1000000,76,1,3,24013344,Yes,3,7,3013.344,FALSE,0,0"
682,"27,hymn_073_b,9,8000000,1000000,1000000,75,1,1,9863004,No,2,8,1863.004,FALSE,0,0"
683,"27,hymn_081_b,58,57000000,1000000,1000000,74,1,3,59992229,No,3,5,2992.229,FALSE,0,0"
684,"27,hymn_119_b,17,16000000,1000000,1000000,66,1,5,19128295,No,4,-1,3128.295,FALSE,0,0"
685,"27,hymn_124a_b,9,8000000,1000000,1000000,72,1,5,10043847,Yes,3,5,2043.847,FALSE,0,0"
686,"27,hymn_127_b,46,45000000,1000000,1000000,61,1,3,47159714,Yes,3,-1,2159.714,FALSE,0,0"
687,"27,hymn_161_b,13,12000000,1000000,1000000,65,1,5,14755991,No,3,-3,2755.991,FALSE,0,0"
688,"27,hymn_163_b,9,8000000,1000000,1000000,74,1,5,9939725,Yes,3,8,1939.725,FALSE,0,0"
689,"27,hymn_190_b,41,40000000,1000000,1000000,72,1,4,42507950,Yes,3,5,2507.95,FALSE,0,0"
690,"27,hymn_213_b,21,20000000,1000000,1000000,68,1,5,22120005,No,4,-4,2120.005,FALSE,0,0"
691,"27,hymn_233_b,18,17000000,1000000,1000000,75,1,2,18514332,No,2,7,1514.332,FALSE,0,0"
692,"27,hymn_267_b,53,52000000,1000000,1000000,68,1,4,53621048,No,3,-7,1621.048,FALSE,0,0"
693,"27,hymn_273_b,9,8000000,1000000,1000000,64,1,4,11121662,No,3,-7,3121.662,FALSE,0,0"
694,"27,hymn_291_b,14,13000000,1000000,1000000,71,1,3,16138414,No,3,-1,3138.414,FALSE,0,0"
695,"27,hymn_295_b,11,10000000,1000000,1000000,71,1,4,12296580,Yes,2,-5,2296.58,FALSE,0,0"
696,"27,hymn_311_b,21,20000000,1000000,1000000,74,1,3,21720226,No,3,3,1720.226,FALSE,0,0"
697,"27,hymn_388b_b,9,8000000,1000000,1000000,72,1,4,11260696,No,2,5,3260.696,FALSE,0,0"
698,"27,hymn_444_b,10,9000000,1000000,1000000,74,1,5,11742491,No,4,5,2742.491,FALSE,0,0"
699,"27,hymn_526_b,35,34000000,1000000,1000000,77,1,2,36683154,No,2,5,2683.154,FALSE,0,0"
700,"27,hymn_542_b,12,11000000,1000000,1000000,72,1,5,13671718,Yes,3,-4,2671.718,FALSE,0,0"
701,"27,hymn_565_b,9,8000000,1000000,1000000,74,1,2,11236584,No,2,12,3236.584,FALSE,0,0"
702,"28,hymn_007_b,26,25000000,1000000,1000000,71,1,NA,NA,No,2,5,NA,TRUE,16,16"
703,"28,hymn_022_b,22,21000000,1000000,1000000,75,1,3,23655108,No,2,6,2655.108,TRUE,16,16"
704,"28,hymn_025_b,9,8000000,1000000,1000000,75,1,3,10952785,No,3,12,2952.785,TRUE,16,16"
705,"28,hymn_039_b,21,20000000,1000000,1000000,64,1,5,22512574,No,2,-5,2512.574,TRUE,16,16"
706,"28,hymn_047_b,10,9000000,1000000,1000000,71,1,3,11630068,No,2,2,2630.068,TRUE,16,16"
707,"28,hymn_054_b,22,21000000,1000000,1000000,76,1,NA,NA,No,2,7,NA,TRUE,16,16"
708,"28,hymn_073_b,9,8000000,1000000,1000000,75,1,NA,NA,No,2,8,NA,TRUE,16,16"
709,"28,hymn_081_b,58,57000000,1000000,1000000,74,1,6,60161002,No,4,5,3161.002,TRUE,16,16"
710,"28,hymn_119_b,17,16000000,1000000,1000000,66,1,5,17687323,No,2,-1,1687.323,TRUE,16,16"
711,"28,hymn_124a_b,9,8000000,1000000,1000000,72,1,7,9570135,No,3,5,1570.135,TRUE,16,16"
712,"28,hymn_127_b,46,45000000,1000000,1000000,61,1,5,50294482,No,3,-1,5294.482,TRUE,16,16"
713,"28,hymn_161_b,13,12000000,1000000,1000000,65,1,6,13757782,No,2,-3,1757.782,TRUE,16,16"
714,"28,hymn_163_b,9,8000000,1000000,1000000,74,1,5,9875376,No,2,8,1875.376,TRUE,16,16"
715,"28,hymn_190_b,41,40000000,1000000,1000000,72,1,3,42547812,No,2,5,2547.812,TRUE,16,16"
716,"28,hymn_213_b,21,20000000,1000000,1000000,68,1,5,23057117,No,2,-4,3057.117,TRUE,16,16"
717,"28,hymn_233_b,18,17000000,1000000,1000000,75,1,3,18545632,No,3,7,1545.632,TRUE,16,16"
718,"28,hymn_267_b,53,52000000,1000000,1000000,68,1,3,54368401,No,2,-7,2368.401,TRUE,16,16"
719,"28,hymn_273_b,9,8000000,1000000,1000000,64,1,NA,NA,No,3,-7,NA,TRUE,16,16"
720,"28,hymn_291_b,14,13000000,1000000,1000000,71,1,5,17194821,No,2,-1,4194.821,TRUE,16,16"
721,"28,hymn_295_b,11,10000000,1000000,1000000,71,1,4,12008631,No,2,-5,2008.631,TRUE,16,16"
722,"28,hymn_311_b,21,20000000,1000000,1000000,74,1,3,22474828,No,2,3,2474.828,TRUE,16,16"
723,"28,hymn_388b_b,9,8000000,1000000,1000000,72,1,6,10857109,No,3,5,2857.109,TRUE,16,16"
724,"28,hymn_444_b,10,9000000,1000000,1000000,74,1,5,11189576,No,2,5,2189.576,TRUE,16,16"
725,"28,hymn_526_b,35,34000000,1000000,1000000,77,1,2,37086660,No,3,5,3086.66,TRUE,16,16"
726,"28,hymn_542_b,12,11000000,1000000,1000000,72,1,6,13763464,No,2,-4,2763.464,TRUE,16,16"
727,"28,hymn_565_b,9,8000000,1000000,1000000,74,1,3,9631597,No,3,12,1631.597,TRUE,16,16"
728,"29,hymn_007_b,26,25000000,1000000,1000000,71,1,7,26412819,No,4,5,1412.819,FALSE,0,0"
729,"29,hymn_022_b,22,21000000,1000000,1000000,75,1,2,22305549,No,3,6,1305.549,FALSE,0,0"
730,"29,hymn_025_b,9,8000000,1000000,1000000,75,1,2,9925154,No,4,12,1925.154,FALSE,0,0"
731,"29,hymn_039_b,21,20000000,1000000,1000000,64,1,5,21230335,No,5,-5,1230.335,FALSE,0,0"
732,"29,hymn_047_b,10,9000000,1000000,1000000,71,1,6,10061601,No,5,2,1061.601,FALSE,0,0"
733,"29,hymn_054_b,22,21000000,1000000,1000000,76,1,1,22716680,No,1,7,1716.68,FALSE,0,0"
734,"29,hymn_073_b,9,8000000,1000000,1000000,75,1,1,10489118,No,4,8,2489.118,FALSE,0,0"
735,"29,hymn_081_b,58,57000000,1000000,1000000,74,1,3,59204029,No,2,5,2204.029,FALSE,0,0"
736,"29,hymn_119_b,17,16000000,1000000,1000000,66,1,7,17526330,No,5,-1,1526.33,FALSE,0,0"
737,"29,hymn_124a_b,9,8000000,1000000,1000000,72,1,3,10390761,No,5,5,2390.761,FALSE,0,0"
738,"29,hymn_127_b,46,45000000,1000000,1000000,61,1,1,47048679,No,2,-1,2048.679,FALSE,0,0"
739,"29,hymn_161_b,13,12000000,1000000,1000000,65,1,6,12896246,No,4,-3,896.246,FALSE,0,0"
740,"29,hymn_163_b,9,8000000,1000000,1000000,74,1,3,10386077,No,4,8,2386.077,FALSE,0,0"
741,"29,hymn_190_b,41,40000000,1000000,1000000,72,1,2,41698430,No,2,5,1698.43,FALSE,0,0"
742,"29,hymn_213_b,21,20000000,1000000,1000000,68,1,7,21688946,No,5,-4,1688.946,FALSE,0,0"
743,"29,hymn_233_b,18,17000000,1000000,1000000,75,1,3,18827753,No,4,7,1827.753,FALSE,0,0"
744,"29,hymn_267_b,53,52000000,1000000,1000000,68,1,1,54096784,No,2,-7,2096.784,FALSE,0,0"
745,"29,hymn_273_b,9,8000000,1000000,1000000,64,1,6,9484554,No,4,-7,1484.554,FALSE,0,0"
746,"29,hymn_291_b,14,13000000,1000000,1000000,71,1,5,14135493,No,4,-1,1135.493,FALSE,0,0"
747,"29,hymn_295_b,11,10000000,1000000,1000000,71,1,3,10987634,No,4,-5,987.634,FALSE,0,0"
748,"29,hymn_311_b,21,20000000,1000000,1000000,74,1,2,23601807,No,4,3,3601.807,FALSE,0,0"
749,"29,hymn_388b_b,9,8000000,1000000,1000000,72,1,4,10081527,No,4,5,2081.527,FALSE,0,0"
750,"29,hymn_444_b,10,9000000,1000000,1000000,74,1,2,10846523,No,3,5,1846.523,FALSE,0,0"
751,"29,hymn_526_b,35,34000000,1000000,1000000,77,1,1,35288465,No,3,5,1288.465,FALSE,0,0"
752,"29,hymn_542_b,12,11000000,1000000,1000000,72,1,5,12635107,No,5,-4,1635.107,FALSE,0,0"
753,"29,hymn_565_b,9,8000000,1000000,1000000,74,1,5,11691419,No,1,12,3691.419,FALSE,0,0"
754,"30,hymn_007_b,26,25000000,1000000,1000000,71,1,3,27962379,No,3,5,2962.379,FALSE,0,0"
755,"30,hymn_022_b,22,21000000,1000000,1000000,75,1,6,25145530,No,4,6,4145.53,FALSE,0,0"
756,"30,hymn_025_b,9,8000000,1000000,1000000,75,1,6,13138683,No,4,12,5138.683,FALSE,0,0"
757,"30,hymn_039_b,21,20000000,1000000,1000000,64,1,6,22841518,No,4,-5,2841.518,FALSE,0,0"
758,"30,hymn_047_b,10,9000000,1000000,1000000,71,1,5,13696517,No,4,2,4696.517,FALSE,0,0"
759,"30,hymn_054_b,22,21000000,1000000,1000000,76,1,6,24373375,No,4,7,3373.375,FALSE,0,0"
760,"30,hymn_073_b,9,8000000,1000000,1000000,75,1,6,15313249,No,4,8,7313.249,FALSE,0,0"
761,"30,hymn_081_b,58,57000000,1000000,1000000,74,1,6,62068309,No,3,5,5068.309,FALSE,0,0"
762,"30,hymn_119_b,17,16000000,1000000,1000000,66,1,6,18885605,No,4,-1,2885.605,FALSE,0,0"
763,"30,hymn_124a_b,9,8000000,1000000,1000000,72,1,5,12463657,No,4,5,4463.657,FALSE,0,0"
764,"30,hymn_127_b,46,45000000,1000000,1000000,61,1,7,46381599,No,4,-1,1381.599,FALSE,0,0"
765,"30,hymn_161_b,13,12000000,1000000,1000000,65,1,3,14400499,No,3,-3,2400.499,FALSE,0,0"
766,"30,hymn_163_b,9,8000000,1000000,1000000,74,1,6,11979834,No,4,8,3979.834,FALSE,0,0"
767,"30,hymn_190_b,41,40000000,1000000,1000000,72,1,5,45410657,No,4,5,5410.657,FALSE,0,0"
768,"30,hymn_213_b,21,20000000,1000000,1000000,68,1,6,21132229,No,4,-4,1132.229,FALSE,0,0"
769,"30,hymn_233_b,18,17000000,1000000,1000000,75,1,6,21549411,No,3,7,4549.411,FALSE,0,0"
770,"30,hymn_267_b,53,52000000,1000000,1000000,68,1,3,55103322,No,3,-7,3103.322,FALSE,0,0"
771,"30,hymn_273_b,9,8000000,1000000,1000000,64,1,6,10610166,No,4,-7,2610.166,FALSE,0,0"
772,"30,hymn_291_b,14,13000000,1000000,1000000,71,1,6,16658601,No,4,-1,3658.601,FALSE,0,0"
773,"30,hymn_295_b,11,10000000,1000000,1000000,71,1,6,17544955,No,4,-5,7544.955,FALSE,0,0"
774,"30,hymn_311_b,21,20000000,1000000,1000000,74,1,3,22225354,Yes,4,3,2225.354,FALSE,0,0"
775,"30,hymn_388b_b,9,8000000,1000000,1000000,72,1,6,12482454,No,5,5,4482.454,FALSE,0,0"
776,"30,hymn_444_b,10,9000000,1000000,1000000,74,1,6,12839735,No,4,5,3839.735,FALSE,0,0"
777,"30,hymn_526_b,35,34000000,1000000,1000000,77,1,5,37694229,No,5,5,3694.229,FALSE,0,0"
778,"30,hymn_542_b,12,11000000,1000000,1000000,72,1,6,13541130,No,4,-4,2541.13,FALSE,0,0"
779,"30,hymn_565_b,9,8000000,1000000,1000000,74,1,6,13578457,No,4,12,5578.457,FALSE,0,0"
780,"31,hymn_007_b,26,25000000,1000000,1000000,71,1,3,27425939,No,2,5,2425.939,TRUE,5,19"
781,"31,hymn_022_b,22,21000000,1000000,1000000,75,1,2,22478116,No,2,6,1478.116,TRUE,5,19"
782,"31,hymn_025_b,9,8000000,1000000,1000000,75,1,1,10148184,No,3,12,2148.184,TRUE,5,19"
783,"31,hymn_039_b,21,20000000,1000000,1000000,64,1,5,24203389,No,3,-5,4203.389,TRUE,5,19"
784,"31,hymn_047_b,10,9000000,1000000,1000000,71,1,4,12046012,No,3,2,3046.012,TRUE,5,19"
785,"31,hymn_054_b,22,21000000,1000000,1000000,76,1,2,23431033,No,3,7,2431.033,TRUE,5,19"
786,"31,hymn_073_b,9,8000000,1000000,1000000,75,1,2,10148793,No,3,8,2148.793,TRUE,5,19"
787,"31,hymn_081_b,58,57000000,1000000,1000000,74,1,3,59503650,No,3,5,2503.65,TRUE,5,19"
788,"31,hymn_119_b,17,16000000,1000000,1000000,66,1,4,17969699,No,3,-1,1969.699,TRUE,5,19"
789,"31,hymn_124a_b,9,8000000,1000000,1000000,72,1,3,10995538,No,3,5,2995.538,TRUE,5,19"
790,"31,hymn_127_b,46,45000000,1000000,1000000,61,1,1,47106471,Yes,4,-1,2106.471,TRUE,5,19"
791,"31,hymn_161_b,13,12000000,1000000,1000000,65,1,4,14195238,No,3,-3,2195.238,TRUE,5,19"
792,"31,hymn_163_b,9,8000000,1000000,1000000,74,1,1,9764222,No,3,8,1764.222,TRUE,5,19"
793,"31,hymn_190_b,41,40000000,1000000,1000000,72,1,2,42269841,No,2,5,2269.841,TRUE,5,19"
794,"31,hymn_213_b,21,20000000,1000000,1000000,68,1,5,22622960,No,3,-4,2622.96,TRUE,5,19"
795,"31,hymn_233_b,18,17000000,1000000,1000000,75,1,2,18801031,No,2,7,1801.031,TRUE,5,19"
796,"31,hymn_267_b,53,52000000,1000000,1000000,68,1,1,54679243,No,3,-7,2679.243,TRUE,5,19"
797,"31,hymn_273_b,9,8000000,1000000,1000000,64,1,2,10345080,No,4,-7,2345.08,TRUE,5,19"
798,"31,hymn_291_b,14,13000000,1000000,1000000,71,1,2,14830933,No,3,-1,1830.933,TRUE,5,19"
799,"31,hymn_295_b,11,10000000,1000000,1000000,71,1,4,11944464,No,4,-5,1944.464,TRUE,5,19"
800,"31,hymn_311_b,21,20000000,1000000,1000000,74,1,2,22632078,No,3,3,2632.078,TRUE,5,19"
801,"31,hymn_388b_b,9,8000000,1000000,1000000,72,1,2,9353694,No,3,5,1353.694,TRUE,5,19"
802,"31,hymn_444_b,10,9000000,1000000,1000000,74,1,5,11052649,No,3,5,2052.649,TRUE,5,19"
803,"31,hymn_526_b,35,34000000,1000000,1000000,77,1,4,35631552,No,3,5,1631.552,TRUE,5,19"
804,"31,hymn_542_b,12,11000000,1000000,1000000,72,1,5,13263711,Yes,4,-4,2263.711,TRUE,5,19"
805,"31,hymn_565_b,9,8000000,1000000,1000000,74,1,3,10099578,No,3,12,2099.578,TRUE,5,19"
806,"32,hymn_007_b,26,25000000,1000000,1000000,71,1,5,30999613,No,2,5,5999.613,TRUE,24,24"
807,"32,hymn_022_b,22,21000000,1000000,1000000,75,1,3,23353033,No,4,6,2353.033,TRUE,24,24"
808,"32,hymn_025_b,9,8000000,1000000,1000000,75,1,6,13797085,No,3,12,5797.085,TRUE,24,24"
809,"32,hymn_039_b,21,20000000,1000000,1000000,64,1,5,22599598,No,3,-5,2599.598,TRUE,24,24"
810,"32,hymn_047_b,10,9000000,1000000,1000000,71,1,3,12921876,No,3,2,3921.876,TRUE,24,24"
811,"32,hymn_054_b,22,21000000,1000000,1000000,76,1,5,23397324,No,4,7,2397.324,TRUE,24,24"
812,"32,hymn_073_b,9,8000000,1000000,1000000,75,1,6,13503812,No,3,8,5503.812,TRUE,24,24"
813,"32,hymn_081_b,58,57000000,1000000,1000000,74,1,4,61895256,No,5,5,4895.256,TRUE,24,24"
814,"32,hymn_119_b,17,16000000,1000000,1000000,66,1,5,18581490,No,2,-1,2581.49,TRUE,24,24"
815,"32,hymn_124a_b,9,8000000,1000000,1000000,72,1,6,14313685,No,3,5,6313.685,TRUE,24,24"
816,"32,hymn_127_b,46,45000000,1000000,1000000,61,1,5,50791375,No,4,-1,5791.375,TRUE,24,24"
817,"32,hymn_161_b,13,12000000,1000000,1000000,65,1,4,15133379,No,2,-3,3133.379,TRUE,24,24"
818,"32,hymn_163_b,9,8000000,1000000,1000000,74,1,NA,NA,No,3,8,NA,TRUE,24,24"
819,"32,hymn_190_b,41,40000000,1000000,1000000,72,1,2,44261530,No,2,5,4261.53,TRUE,24,24"
820,"32,hymn_213_b,21,20000000,1000000,1000000,68,1,5,22213394,No,3,-4,2213.394,TRUE,24,24"
821,"32,hymn_233_b,18,17000000,1000000,1000000,75,1,4,21508530,No,2,7,4508.53,TRUE,24,24"
822,"32,hymn_267_b,53,52000000,1000000,1000000,68,1,3,57103502,No,3,-7,5103.502,TRUE,24,24"
823,"32,hymn_273_b,9,8000000,1000000,1000000,64,1,3,14035004,Yes,3,-7,6035.004,TRUE,24,24"
824,"32,hymn_291_b,14,13000000,1000000,1000000,71,1,5,16042360,No,3,-1,3042.36,TRUE,24,24"
825,"32,hymn_295_b,11,10000000,1000000,1000000,71,1,NA,NA,No,2,-5,NA,TRUE,24,24"
826,"32,hymn_311_b,21,20000000,1000000,1000000,74,1,2,23277658,No,4,3,3277.658,TRUE,24,24"
827,"32,hymn_388b_b,9,8000000,1000000,1000000,72,1,4,11456095,No,2,5,3456.095,TRUE,24,24"
828,"32,hymn_444_b,10,9000000,1000000,1000000,74,1,4,13267747,No,3,5,4267.747,TRUE,24,24"
829,"32,hymn_526_b,35,34000000,1000000,1000000,77,1,7,35402050,No,3,5,1402.05,TRUE,24,24"
830,"32,hymn_542_b,12,11000000,1000000,1000000,72,1,5,13726085,No,3,-4,2726.085,TRUE,24,24"
831,"32,hymn_565_b,9,8000000,1000000,1000000,74,1,2,10631262,No,2,12,2631.262,TRUE,24,24"
832,"33,hymn_007_b,26,25000000,1000000,1000000,71,1,7,26267359,Yes,5,5,1267.359,TRUE,12,60"
833,"33,hymn_022_b,22,21000000,1000000,1000000,75,1,7,21841686,No,2,6,841.686,TRUE,12,60"
834,"33,hymn_025_b,9,8000000,1000000,1000000,75,1,3,9431023,No,4,12,1431.023,TRUE,12,60"
835,"33,hymn_039_b,21,20000000,1000000,1000000,64,1,3,21335103,No,4,-5,1335.103,TRUE,12,60"
836,"33,hymn_047_b,10,9000000,1000000,1000000,71,1,3,10763836,No,4,2,1763.836,TRUE,12,60"
837,"33,hymn_054_b,22,21000000,1000000,1000000,76,1,7,22873121,Yes,5,7,1873.121,TRUE,12,60"
838,"33,hymn_073_b,9,8000000,1000000,1000000,75,1,3,11723294,No,4,8,3723.294,TRUE,12,60"
839,"33,hymn_081_b,58,57000000,1000000,1000000,74,1,3,59343498,No,3,5,2343.498,TRUE,12,60"
840,"33,hymn_119_b,17,16000000,1000000,1000000,66,1,7,17135863,No,4,-1,1135.863,TRUE,12,60"
841,"33,hymn_124a_b,9,8000000,1000000,1000000,72,1,7,10530751,No,3,5,2530.751,TRUE,12,60"
842,"33,hymn_127_b,46,45000000,1000000,1000000,61,1,7,46208973,Yes,5,-1,1208.973,TRUE,12,60"
843,"33,hymn_161_b,13,12000000,1000000,1000000,65,1,NA,NA,Yes,4,-3,NA,TRUE,12,60"
844,"33,hymn_163_b,9,8000000,1000000,1000000,74,1,3,11913138,No,3,8,3913.138,TRUE,12,60"
845,"33,hymn_190_b,41,40000000,1000000,1000000,72,1,7,40880025,Yes,5,5,880.025,TRUE,12,60"
846,"33,hymn_213_b,21,20000000,1000000,1000000,68,1,3,21153383,No,3,-4,1153.383,TRUE,12,60"
847,"33,hymn_233_b,18,17000000,1000000,1000000,75,1,3,18926442,No,4,7,1926.442,TRUE,12,60"
848,"33,hymn_267_b,53,52000000,1000000,1000000,68,1,3,53441072,No,4,-7,1441.072,TRUE,12,60"
849,"33,hymn_273_b,9,8000000,1000000,1000000,64,1,7,9067644,Yes,5,-7,1067.644,TRUE,12,60"
850,"33,hymn_291_b,14,13000000,1000000,1000000,71,1,7,15356291,No,3,-1,2356.291,TRUE,12,60"
851,"33,hymn_295_b,11,10000000,1000000,1000000,71,1,1,11664551,No,2,-5,1664.551,TRUE,12,60"
852,"33,hymn_311_b,21,20000000,1000000,1000000,74,1,6,21288707,Yes,5,3,1288.707,TRUE,12,60"
853,"33,hymn_388b_b,9,8000000,1000000,1000000,72,1,5,9587092,No,4,5,1587.092,TRUE,12,60"
854,"33,hymn_444_b,10,9000000,1000000,1000000,74,1,7,11008821,Yes,5,5,2008.821,TRUE,12,60"
855,"33,hymn_526_b,35,34000000,1000000,1000000,77,1,6,36900761,No,4,5,2900.761,TRUE,12,60"
856,"33,hymn_542_b,12,11000000,1000000,1000000,72,1,3,14205046,Yes,5,-4,3205.046,TRUE,12,60"
857,"33,hymn_565_b,9,8000000,1000000,1000000,74,1,2,8594408,No,4,12,594.408,TRUE,12,60"
858,"34,hymn_007_b,26,25000000,1000000,1000000,71,1,3,27492981,No,2,5,2492.981,TRUE,6,50"
859,"34,hymn_022_b,22,21000000,1000000,1000000,75,1,2,25058439,No,2,6,4058.439,TRUE,6,50"
860,"34,hymn_025_b,9,8000000,1000000,1000000,75,1,2,12520771,No,3,12,4520.771,TRUE,6,50"
861,"34,hymn_039_b,21,20000000,1000000,1000000,64,1,3,25718587,No,3,-5,5718.587,TRUE,6,50"
862,"34,hymn_047_b,10,9000000,1000000,1000000,71,1,3,12705907,No,3,2,3705.907,TRUE,6,50"
863,"34,hymn_054_b,22,21000000,1000000,1000000,76,1,1,22875965,No,1,7,1875.965,TRUE,6,50"
864,"34,hymn_073_b,9,8000000,1000000,1000000,75,1,3,10710954,No,3,8,2710.954,TRUE,6,50"
865,"34,hymn_081_b,58,57000000,1000000,1000000,74,1,2,59728405,No,2,5,2728.405,TRUE,6,50"
866,"34,hymn_119_b,17,16000000,1000000,1000000,66,1,3,23239433,No,3,-1,7239.433,TRUE,6,50"
867,"34,hymn_124a_b,9,8000000,1000000,1000000,72,1,6,11297876,No,4,5,3297.876,TRUE,6,50"
868,"34,hymn_127_b,46,45000000,1000000,1000000,61,1,7,47250366,No,4,-1,2250.366,TRUE,6,50"
869,"34,hymn_161_b,13,12000000,1000000,1000000,65,1,5,16853434,No,4,-3,4853.434,TRUE,6,50"
870,"34,hymn_163_b,9,8000000,1000000,1000000,74,1,2,9873061,No,2,8,1873.061,TRUE,6,50"
871,"34,hymn_190_b,41,40000000,1000000,1000000,72,1,3,41578262,No,4,5,1578.262,TRUE,6,50"
872,"34,hymn_213_b,21,20000000,1000000,1000000,68,1,5,22827634,No,3,-4,2827.634,TRUE,6,50"
873,"34,hymn_233_b,18,17000000,1000000,1000000,75,1,3,19814374,No,2,7,2814.374,TRUE,6,50"
874,"34,hymn_267_b,53,52000000,1000000,1000000,68,1,4,55251309,No,4,-7,3251.309,TRUE,6,50"
875,"34,hymn_273_b,9,8000000,1000000,1000000,64,1,3,11130776,No,4,-7,3130.776,TRUE,6,50"
876,"34,hymn_291_b,14,13000000,1000000,1000000,71,1,7,15098198,No,4,-1,2098.198,TRUE,6,50"
877,"34,hymn_295_b,11,10000000,1000000,1000000,71,1,5,12297217,No,2,-5,2297.217,TRUE,6,50"
878,"34,hymn_311_b,21,20000000,1000000,1000000,74,1,1,23240336,No,3,3,3240.336,TRUE,6,50"
879,"34,hymn_388b_b,9,8000000,1000000,1000000,72,1,6,11192938,No,3,5,3192.938,TRUE,6,50"
880,"34,hymn_444_b,10,9000000,1000000,1000000,74,1,2,12417103,No,2,5,3417.103,TRUE,6,50"
881,"34,hymn_526_b,35,34000000,1000000,1000000,77,1,1,37802942,No,2,5,3802.942,TRUE,6,50"
882,"34,hymn_542_b,12,11000000,1000000,1000000,72,1,4,15137868,No,4,-4,4137.868,TRUE,6,50"
883,"34,hymn_565_b,9,8000000,1000000,1000000,74,1,3,11501742,No,2,12,3501.742,TRUE,6,50"
884,"35,hymn_007_b,26,25000000,1000000,1000000,71,1,2,27787591,No,2,5,2787.591,TRUE,11,11"
885,"35,hymn_022_b,22,21000000,1000000,1000000,75,1,1,22703665,No,3,6,1703.665,TRUE,11,11"
886,"35,hymn_025_b,9,8000000,1000000,1000000,75,1,2,12386384,No,5,12,4386.384,TRUE,11,11"
887,"35,hymn_039_b,21,20000000,1000000,1000000,64,1,5,24533760,No,3,-5,4533.76,TRUE,11,11"
888,"35,hymn_047_b,10,9000000,1000000,1000000,71,1,2,11143338,No,5,2,2143.338,TRUE,11,11"
889,"35,hymn_054_b,22,21000000,1000000,1000000,76,1,1,22850782,No,3,7,1850.782,TRUE,11,11"
890,"35,hymn_073_b,9,8000000,1000000,1000000,75,1,2,10293766,No,5,8,2293.766,TRUE,11,11"
891,"35,hymn_081_b,58,57000000,1000000,1000000,74,1,3,59886522,No,3,5,2886.522,TRUE,11,11"
892,"35,hymn_119_b,17,16000000,1000000,1000000,66,1,2,18091759,No,3,-1,2091.759,TRUE,11,11"
893,"35,hymn_124a_b,9,8000000,1000000,1000000,72,1,4,10145546,No,3,5,2145.546,TRUE,11,11"
894,"35,hymn_127_b,46,45000000,1000000,1000000,61,1,2,48136841,No,4,-1,3136.841,TRUE,11,11"
895,"35,hymn_161_b,13,12000000,1000000,1000000,65,1,7,13759723,No,3,-3,1759.723,TRUE,11,11"
896,"35,hymn_163_b,9,8000000,1000000,1000000,74,1,2,10568754,No,3,8,2568.754,TRUE,11,11"
897,"35,hymn_190_b,41,40000000,1000000,1000000,72,1,2,41551492,No,3,5,1551.492,TRUE,11,11"
898,"35,hymn_213_b,21,20000000,1000000,1000000,68,1,5,22500851,No,4,-4,2500.851,TRUE,11,11"
899,"35,hymn_233_b,18,17000000,1000000,1000000,75,1,2,20035084,No,4,7,3035.084,TRUE,11,11"
900,"35,hymn_267_b,53,52000000,1000000,1000000,68,1,4,56101668,No,3,-7,4101.668,TRUE,11,11"
901,"35,hymn_273_b,9,8000000,1000000,1000000,64,1,2,10613109,No,4,-7,2613.109,TRUE,11,11"
902,"35,hymn_291_b,14,13000000,1000000,1000000,71,1,6,14728777,No,4,-1,1728.777,TRUE,11,11"
903,"35,hymn_295_b,11,10000000,1000000,1000000,71,1,3,12520191,No,2,-5,2520.191,TRUE,11,11"
904,"35,hymn_311_b,21,20000000,1000000,1000000,74,1,2,21846103,No,2,3,1846.103,TRUE,11,11"
905,"35,hymn_388b_b,9,8000000,1000000,1000000,72,1,1,10733831,No,4,5,2733.831,TRUE,11,11"
906,"35,hymn_444_b,10,9000000,1000000,1000000,74,1,6,13716176,No,4,5,4716.176,TRUE,11,11"
907,"35,hymn_526_b,35,34000000,1000000,1000000,77,1,6,36454482,No,4,5,2454.482,TRUE,11,11"
908,"35,hymn_542_b,12,11000000,1000000,1000000,72,1,NA,NA,No,4,-4,NA,TRUE,11,11"
909,"35,hymn_565_b,9,8000000,1000000,1000000,74,1,NA,NA,No,2,12,NA,TRUE,11,11"
910,"36,hymn_007_b,26,25000000,1000000,1000000,71,1,6,28088654,No,3,5,3088.654,TRUE,26,26"
911,"36,hymn_022_b,22,21000000,1000000,1000000,75,1,6,22935888,No,3,6,1935.888,TRUE,26,26"
912,"36,hymn_025_b,9,8000000,1000000,1000000,75,1,6,9419141,No,3,12,1419.141,TRUE,26,26"
913,"36,hymn_039_b,21,20000000,1000000,1000000,64,1,4,23538890,No,3,-5,3538.89,TRUE,26,26"
914,"36,hymn_047_b,10,9000000,1000000,1000000,71,1,7,11065405,Yes,3,2,2065.405,TRUE,26,26"
915,"36,hymn_054_b,22,21000000,1000000,1000000,76,1,7,21537875,Yes,3,7,537.875,TRUE,26,26"
916,"36,hymn_073_b,9,8000000,1000000,1000000,75,1,5,9367879,No,3,8,1367.879,TRUE,26,26"
917,"36,hymn_081_b,58,57000000,1000000,1000000,74,1,6,58543583,No,3,5,1543.583,TRUE,26,26"
918,"36,hymn_119_b,17,16000000,1000000,1000000,66,1,6,20805018,No,3,-1,4805.018,TRUE,26,26"
919,"36,hymn_124a_b,9,8000000,1000000,1000000,72,1,NA,NA,No,3,5,NA,TRUE,26,26"
920,"36,hymn_127_b,46,45000000,1000000,1000000,61,1,7,46773197,No,3,-1,1773.197,TRUE,26,26"
921,"36,hymn_161_b,13,12000000,1000000,1000000,65,1,5,13451892,No,3,-3,1451.892,TRUE,26,26"
922,"36,hymn_163_b,9,8000000,1000000,1000000,74,1,3,10807071,No,3,8,2807.071,TRUE,26,26"
923,"36,hymn_190_b,41,40000000,1000000,1000000,72,1,6,41362406,No,3,5,1362.406,TRUE,26,26"
924,"36,hymn_213_b,21,20000000,1000000,1000000,68,1,5,22862741,No,3,-4,2862.741,TRUE,26,26"
925,"36,hymn_233_b,18,17000000,1000000,1000000,75,1,5,22576291,No,3,7,5576.291,TRUE,26,26"
926,"36,hymn_267_b,53,52000000,1000000,1000000,68,1,6,54609790,No,3,-7,2609.79,TRUE,26,26"
927,"36,hymn_273_b,9,8000000,1000000,1000000,64,1,7,10365260,No,3,-7,2365.26,TRUE,26,26"
928,"36,hymn_291_b,14,13000000,1000000,1000000,71,1,7,15704951,No,3,-1,2704.951,TRUE,26,26"
929,"36,hymn_295_b,11,10000000,1000000,1000000,71,1,7,11120714,No,3,-5,1120.714,TRUE,26,26"
930,"36,hymn_311_b,21,20000000,1000000,1000000,74,1,7,21062146,Yes,3,3,1062.146,TRUE,26,26"
931,"36,hymn_388b_b,9,8000000,1000000,1000000,72,1,6,12928265,No,3,5,4928.265,TRUE,26,26"
932,"36,hymn_444_b,10,9000000,1000000,1000000,74,1,6,11052540,No,3,5,2052.54,TRUE,26,26"
933,"36,hymn_526_b,35,34000000,1000000,1000000,77,1,7,39996710,No,3,5,5996.71,TRUE,26,26"
934,"36,hymn_542_b,12,11000000,1000000,1000000,72,1,6,12865723,No,3,-4,1865.723,TRUE,26,26"
935,"36,hymn_565_b,9,8000000,1000000,1000000,74,1,7,11977108,No,3,12,3977.108,TRUE,26,26"
936,"37,hymn_007_b,26,25000000,1000000,1000000,71,1,2,27856095,No,4,5,2856.095,TRUE,5,8"
937,"37,hymn_022_b,22,21000000,1000000,1000000,75,1,2,22984033,Yes,4,6,1984.033,TRUE,5,8"
938,"37,hymn_025_b,9,8000000,1000000,1000000,75,1,4,10558348,No,4,12,2558.348,TRUE,5,8"
939,"37,hymn_039_b,21,20000000,1000000,1000000,64,1,7,22757789,No,4,-5,2757.789,TRUE,5,8"
940,"37,hymn_047_b,10,9000000,1000000,1000000,71,1,2,11152491,No,4,2,2152.491,TRUE,5,8"
941,"37,hymn_054_b,22,21000000,1000000,1000000,76,1,2,23130667,Yes,4,7,2130.667,TRUE,5,8"
942,"37,hymn_073_b,9,8000000,1000000,1000000,75,1,2,10306238,No,2,8,2306.238,TRUE,5,8"
943,"37,hymn_081_b,58,57000000,1000000,1000000,74,1,2,59259908,No,1,5,2259.908,TRUE,5,8"
944,"37,hymn_119_b,17,16000000,1000000,1000000,66,1,2,18587821,No,4,-1,2587.821,TRUE,5,8"
945,"37,hymn_124a_b,9,8000000,1000000,1000000,72,1,3,11544989,No,5,5,3544.989,TRUE,5,8"
946,"37,hymn_127_b,46,45000000,1000000,1000000,61,1,7,47865826,No,4,-1,2865.826,TRUE,5,8"
947,"37,hymn_161_b,13,12000000,1000000,1000000,65,1,4,14466184,No,2,-3,2466.184,TRUE,5,8"
948,"37,hymn_163_b,9,8000000,1000000,1000000,74,1,2,10419823,No,4,8,2419.823,TRUE,5,8"
949,"37,hymn_190_b,41,40000000,1000000,1000000,72,1,2,43100755,No,3,5,3100.755,TRUE,5,8"
950,"37,hymn_213_b,21,20000000,1000000,1000000,68,1,4,22763122,No,3,-4,2763.122,TRUE,5,8"
951,"37,hymn_233_b,18,17000000,1000000,1000000,75,1,2,20277941,No,3,7,3277.941,TRUE,5,8"
952,"37,hymn_267_b,53,52000000,1000000,1000000,68,1,3,54909211,No,4,-7,2909.211,TRUE,5,8"
953,"37,hymn_273_b,9,8000000,1000000,1000000,64,1,2,10203666,No,4,-7,2203.666,TRUE,5,8"
954,"37,hymn_291_b,14,13000000,1000000,1000000,71,1,2,15006193,No,4,-1,2006.193,TRUE,5,8"
955,"37,hymn_295_b,11,10000000,1000000,1000000,71,1,4,12884959,No,4,-5,2884.959,TRUE,5,8"
956,"37,hymn_311_b,21,20000000,1000000,1000000,74,1,2,22111303,No,4,3,2111.303,TRUE,5,8"
957,"37,hymn_388b_b,9,8000000,1000000,1000000,72,1,3,11032531,No,4,5,3032.531,TRUE,5,8"
958,"37,hymn_444_b,10,9000000,1000000,1000000,74,1,7,11919863,No,3,5,2919.863,TRUE,5,8"
959,"37,hymn_526_b,35,34000000,1000000,1000000,77,1,7,36526426,No,4,5,2526.426,TRUE,5,8"
960,"37,hymn_542_b,12,11000000,1000000,1000000,72,1,2,13304684,No,4,-4,2304.684,TRUE,5,8"
961,"37,hymn_565_b,9,8000000,1000000,1000000,74,1,2,10838593,No,2,12,2838.593,TRUE,5,8"
962,"38,hymn_007_b,26,25000000,1000000,1000000,71,1,4,26932987,No,3,5,1932.987,TRUE,16,16"
963,"38,hymn_022_b,22,21000000,1000000,1000000,75,1,6,22842007,No,2,6,1842.007,TRUE,16,16"
964,"38,hymn_025_b,9,8000000,1000000,1000000,75,1,5,9822426,No,3,12,1822.426,TRUE,16,16"
965,"38,hymn_039_b,21,20000000,1000000,1000000,64,1,6,22001711,No,4,-5,2001.711,TRUE,16,16"
966,"38,hymn_047_b,10,9000000,1000000,1000000,71,1,7,11039365,No,4,2,2039.365,TRUE,16,16"
967,"38,hymn_054_b,22,21000000,1000000,1000000,76,1,5,23052219,No,2,7,2052.219,TRUE,16,16"
968,"38,hymn_073_b,9,8000000,1000000,1000000,75,1,6,10266860,No,3,8,2266.86,TRUE,16,16"
969,"38,hymn_081_b,58,57000000,1000000,1000000,74,1,6,59102987,No,2,5,2102.987,TRUE,16,16"
970,"38,hymn_119_b,17,16000000,1000000,1000000,66,1,6,18054721,No,3,-1,2054.721,TRUE,16,16"
971,"38,hymn_124a_b,9,8000000,1000000,1000000,72,1,6,10388061,No,3,5,2388.061,TRUE,16,16"
972,"38,hymn_127_b,46,45000000,1000000,1000000,61,1,7,46870448,No,4,-1,1870.448,TRUE,16,16"
973,"38,hymn_161_b,13,12000000,1000000,1000000,65,1,5,13674613,No,3,-3,1674.613,TRUE,16,16"
974,"38,hymn_163_b,9,8000000,1000000,1000000,74,1,5,9984281,No,2,8,1984.281,TRUE,16,16"
975,"38,hymn_190_b,41,40000000,1000000,1000000,72,1,3,42124880,No,3,5,2124.88,TRUE,16,16"
976,"38,hymn_213_b,21,20000000,1000000,1000000,68,1,6,22435845,No,3,-4,2435.845,TRUE,16,16"
977,"38,hymn_233_b,18,17000000,1000000,1000000,75,1,5,18989283,No,3,7,1989.283,TRUE,16,16"
978,"38,hymn_267_b,53,52000000,1000000,1000000,68,1,4,54493195,No,2,-7,2493.195,TRUE,16,16"
979,"38,hymn_273_b,9,8000000,1000000,1000000,64,1,7,17780373,Yes,3,-7,9780.373,TRUE,16,16"
980,"38,hymn_291_b,14,13000000,1000000,1000000,71,1,7,14590518,No,2,-1,1590.518,TRUE,16,16"
981,"38,hymn_295_b,11,10000000,1000000,1000000,71,1,3,12229947,No,2,-5,2229.947,TRUE,16,16"
982,"38,hymn_311_b,21,20000000,1000000,1000000,74,1,4,21796139,No,3,3,1796.139,TRUE,16,16"
983,"38,hymn_388b_b,9,8000000,1000000,1000000,72,1,7,10469667,No,3,5,2469.667,TRUE,16,16"
984,"38,hymn_444_b,10,9000000,1000000,1000000,74,1,4,10982072,No,3,5,1982.072,TRUE,16,16"
985,"38,hymn_526_b,35,34000000,1000000,1000000,77,1,6,36000185,No,1,5,2000.185,TRUE,16,16"
986,"38,hymn_542_b,12,11000000,1000000,1000000,72,1,3,13182124,No,2,-4,2182.124,TRUE,16,16"
987,"38,hymn_565_b,9,8000000,1000000,1000000,74,1,4,10190827,No,2,12,2190.827,TRUE,16,16"
988,"39,hymn_007_b,26,25000000,1000000,1000000,71,1,5,28446441,No,4,5,3446.441,TRUE,22,22"
989,"39,hymn_022_b,22,21000000,1000000,1000000,75,1,3,25301220,No,4,6,4301.22,TRUE,22,22"
990,"39,hymn_025_b,9,8000000,1000000,1000000,75,1,6,10970013,No,5,12,2970.013,TRUE,22,22"
991,"39,hymn_039_b,21,20000000,1000000,1000000,64,1,5,23163225,No,5,-5,3163.225,TRUE,22,22"
992,"39,hymn_047_b,10,9000000,1000000,1000000,71,1,2,11759048,No,4,2,2759.048,TRUE,22,22"
993,"39,hymn_054_b,22,21000000,1000000,1000000,76,1,3,23917921,No,5,7,2917.921,TRUE,22,22"
994,"39,hymn_073_b,9,8000000,1000000,1000000,75,1,5,9978891,No,4,8,1978.891,TRUE,22,22"
995,"39,hymn_081_b,58,57000000,1000000,1000000,74,1,3,60588017,No,5,5,3588.017,TRUE,22,22"
996,"39,hymn_119_b,17,16000000,1000000,1000000,66,1,3,19113280,No,4,-1,3113.28,TRUE,22,22"
997,"39,hymn_124a_b,9,8000000,1000000,1000000,72,1,7,10161179,No,5,5,2161.179,TRUE,22,22"
998,"39,hymn_127_b,46,45000000,1000000,1000000,61,1,6,48495500,No,5,-1,3495.5,TRUE,22,22"
999,"39,hymn_161_b,13,12000000,1000000,1000000,65,1,2,14540933,No,3,-3,2540.933,TRUE,22,22"
1000,"39,hymn_163_b,9,8000000,1000000,1000000,74,1,5,10689661,No,3,8,2689.661,TRUE,22,22"
1001,"39,hymn_190_b,41,40000000,1000000,1000000,72,1,4,44766416,No,4,5,4766.416,TRUE,22,22"
1002,"39,hymn_213_b,21,20000000,1000000,1000000,68,1,4,23303324,No,3,-4,3303.324,TRUE,22,22"
1003,"39,hymn_233_b,18,17000000,1000000,1000000,75,1,3,21181893,No,4,7,4181.893,TRUE,22,22"
1004,"39,hymn_267_b,53,52000000,1000000,1000000,68,1,3,55062000,No,4,-7,3062,TRUE,22,22"
1005,"39,hymn_273_b,9,8000000,1000000,1000000,64,1,5,12840547,No,4,-7,4840.547,TRUE,22,22"
1006,"39,hymn_291_b,14,13000000,1000000,1000000,71,1,7,15254515,No,5,-1,2254.515,TRUE,22,22"
1007,"39,hymn_295_b,11,10000000,1000000,1000000,71,1,5,12032580,No,3,-5,2032.58,TRUE,22,22"
1008,"39,hymn_311_b,21,20000000,1000000,1000000,74,1,4,24078124,No,4,3,4078.124,TRUE,22,22"
1009,"39,hymn_388b_b,9,8000000,1000000,1000000,72,1,3,10545069,No,5,5,2545.069,TRUE,22,22"
1010,"39,hymn_444_b,10,9000000,1000000,1000000,74,1,3,11787728,No,4,5,2787.728,TRUE,22,22"
1011,"39,hymn_526_b,35,34000000,1000000,1000000,77,1,6,37030646,No,4,5,3030.646,TRUE,22,22"
1012,"39,hymn_542_b,12,11000000,1000000,1000000,72,1,5,13786900,No,4,-4,2786.9,TRUE,22,22"
1013,"39,hymn_565_b,9,8000000,1000000,1000000,74,1,6,10552586,No,3,12,2552.586,TRUE,22,22"
1014,"40,hymn_007_b,26,25000000,1000000,1000000,71,1,3,27172498,No,2,5,2172.498,FALSE,0,0"
1015,"40,hymn_022_b,22,21000000,1000000,1000000,75,1,1,23392069,No,2,6,2392.069,FALSE,0,0"
1016,"40,hymn_025_b,9,8000000,1000000,1000000,75,1,3,10593318,No,5,12,2593.318,FALSE,0,0"
1017,"40,hymn_039_b,21,20000000,1000000,1000000,64,1,3,21609167,No,4,-5,1609.167,FALSE,0,0"
1018,"40,hymn_047_b,10,9000000,1000000,1000000,71,1,1,10978758,No,4,2,1978.758,FALSE,0,0"
1019,"40,hymn_054_b,22,21000000,1000000,1000000,76,1,3,22567650,No,3,7,1567.65,FALSE,0,0"
1020,"40,hymn_073_b,9,8000000,1000000,1000000,75,1,1,10972622,No,3,8,2972.622,FALSE,0,0"
1021,"40,hymn_081_b,58,57000000,1000000,1000000,74,1,3,59358406,No,4,5,2358.406,FALSE,0,0"
1022,"40,hymn_119_b,17,16000000,1000000,1000000,66,1,2,18307807,No,3,-1,2307.807,FALSE,0,0"
1023,"40,hymn_124a_b,9,8000000,1000000,1000000,72,1,5,10267797,No,3,5,2267.797,FALSE,0,0"
1024,"40,hymn_127_b,46,45000000,1000000,1000000,61,1,7,46304827,No,4,-1,1304.827,FALSE,0,0"
1025,"40,hymn_161_b,13,12000000,1000000,1000000,65,1,5,15592806,No,2,-3,3592.806,FALSE,0,0"
1026,"40,hymn_163_b,9,8000000,1000000,1000000,74,1,3,11216107,No,4,8,3216.107,FALSE,0,0"
1027,"40,hymn_190_b,41,40000000,1000000,1000000,72,1,7,41469768,No,4,5,1469.768,FALSE,0,0"
1028,"40,hymn_213_b,21,20000000,1000000,1000000,68,1,5,23284056,No,4,-4,3284.056,FALSE,0,0"
1029,"40,hymn_233_b,18,17000000,1000000,1000000,75,1,2,20315483,No,3,7,3315.483,FALSE,0,0"
1030,"40,hymn_267_b,53,52000000,1000000,1000000,68,1,3,55319986,No,2,-7,3319.986,FALSE,0,0"
1031,"40,hymn_273_b,9,8000000,1000000,1000000,64,1,6,10031229,Yes,4,-7,2031.229,FALSE,0,0"
1032,"40,hymn_291_b,14,13000000,1000000,1000000,71,1,5,16795383,No,5,-1,3795.383,FALSE,0,0"
1033,"40,hymn_295_b,11,10000000,1000000,1000000,71,1,5,13263501,No,4,-5,3263.501,FALSE,0,0"
1034,"40,hymn_311_b,21,20000000,1000000,1000000,74,1,5,22188935,No,2,3,2188.935,FALSE,0,0"
1035,"40,hymn_388b_b,9,8000000,1000000,1000000,72,1,4,11057484,No,4,5,3057.484,FALSE,0,0"
1036,"40,hymn_444_b,10,9000000,1000000,1000000,74,1,3,11010571,No,4,5,2010.571,FALSE,0,0"
1037,"40,hymn_526_b,35,34000000,1000000,1000000,77,1,3,36408349,No,5,5,2408.349,FALSE,0,0"
1038,"40,hymn_542_b,12,11000000,1000000,1000000,72,1,4,14021242,No,3,-4,3021.242,FALSE,0,0"
1039,"40,hymn_565_b,9,8000000,1000000,1000000,74,1,3,11930628,No,3,12,3930.628,FALSE,0,0"
